{"templates":["bad32c61b07a66fdbcddb25b759ab3acb97e37fc"],"oligo":{"state":"MONOMER","based_on":"prediction","predicted_qs":0.0},"residue_range":[{"chain_name":"A","residue_from":"11","residue_to":"147"}],"lddt_ca":null,"gdt_ha":null,"pred_lddt":0.5199999809,"gdt_ts":null,"lddt":null,"ligands":[{"description":"S-ADENOSYLMETHIONINE","number":"1","reason":{"sterically_valid":false,"conserved_residues":false,"relevant":true,"bound":true},"included":false,"model_binding_residues":[],"name":["SAM"]}],"mod_engine":"PROMOD"}