{"templates":["77cc34181856d45fd495ed46b88bbb14aefe6260"],"oligo":{"state":"MONOMER","based_on":"monomer","predicted_qs":null},"residue_range":[{"chain_name":"A","residue_from":"11","residue_to":"159"}],"lddt_ca":null,"gdt_ha":null,"pred_lddt":0.5289999843,"gdt_ts":null,"lddt":null,"ligands":[{"description":"S-ADENOSYL-L-HOMOCYSTEINE","number":"1","reason":{"sterically_valid":false,"conserved_residues":true,"relevant":true,"bound":true},"included":false,"model_binding_residues":[],"name":["SAH"]},{"description":"S-ADENOSYL-L-HOMOCYSTEINE","number":"2","reason":{"sterically_valid":false,"conserved_residues":true,"relevant":true,"bound":true},"included":false,"model_binding_residues":[],"name":["SAH"]},{"description":"GLYCEROL","number":"3","reason":{"sterically_valid":false,"conserved_residues":false,"relevant":false,"bound":true},"included":false,"model_binding_residues":[],"name":["GOL"]},{"description":"GLYCEROL","number":"4","reason":{"sterically_valid":false,"conserved_residues":false,"relevant":false,"bound":true},"included":false,"model_binding_residues":[],"name":["GOL"]},{"description":"N-OCTANOYLSUCROSE","number":"5","reason":{"sterically_valid":false,"conserved_residues":false,"relevant":true,"bound":true},"included":false,"model_binding_residues":[],"name":["OSU"]}],"mod_engine":"PROMOD"}