{"templates":["7b68108add196c985b4a6591a766768ace9d438d"],"oligo":{"state":"MONOMER","based_on":"monomer","predicted_qs":null},"residue_range":[{"chain_name":"A","residue_from":"11","residue_to":"147"}],"lddt_ca":null,"gdt_ha":null,"pred_lddt":0.5370000005,"gdt_ts":null,"lddt":null,"ligands":[{"description":"NITRATE ION","number":"1","reason":{"sterically_valid":false,"conserved_residues":false,"relevant":false,"bound":true},"included":false,"model_binding_residues":[],"name":["NO3"]},{"description":"NITRATE ION","number":"4","reason":{"sterically_valid":false,"conserved_residues":false,"relevant":false,"bound":true},"included":false,"model_binding_residues":[],"name":["NO3"]},{"description":"CHLORIDE ION","number":"2","reason":{"sterically_valid":false,"conserved_residues":false,"relevant":false,"bound":false},"included":false,"model_binding_residues":[],"name":["CL"]},{"description":"CHLORIDE ION","number":"3","reason":{"sterically_valid":false,"conserved_residues":false,"relevant":false,"bound":false},"included":false,"model_binding_residues":[],"name":["CL"]},{"description":"S-ADENOSYL-L-HOMOCYSTEINE","number":"5","reason":{"sterically_valid":false,"conserved_residues":false,"relevant":true,"bound":true},"included":false,"model_binding_residues":[],"name":["SAH"]},{"description":"1,2-ETHANEDIOL","number":"6","reason":{"sterically_valid":false,"conserved_residues":false,"relevant":false,"bound":true},"included":false,"model_binding_residues":[],"name":["EDO"]},{"description":"1,2-ETHANEDIOL","number":"8","reason":{"sterically_valid":false,"conserved_residues":false,"relevant":false,"bound":true},"included":false,"model_binding_residues":[],"name":["EDO"]},{"description":"N,N-DIMETHYL-L-METHIONINE","number":"7","reason":{"sterically_valid":false,"conserved_residues":false,"relevant":true,"bound":true},"included":false,"model_binding_residues":[],"name":["2MM"]}],"mod_engine":"PROMOD"}