{"templates":["ffb7bbdaf85d8df578f29dfefc16097f0fb0916b"],"oligo":{"state":"MONOMER","based_on":"monomer","predicted_qs":null},"residue_range":[{"chain_name":"A","residue_from":"11","residue_to":"147"}],"lddt_ca":null,"gdt_ha":null,"pred_lddt":0.5220000148,"gdt_ts":null,"lddt":null,"ligands":[{"description":"S-ADENOSYLMETHIONINE","number":"1","reason":{"sterically_valid":false,"conserved_residues":false,"relevant":true,"bound":true},"included":false,"model_binding_residues":[],"name":["SAM"]}],"mod_engine":"PROMOD"}