average cumulative strength:,0.223
residue index,amino acid,number of ECs,cumulative strength,EC strength,conservation
47,K,6,1.817,8.1,19
112,T,7,1.686,7.6,37
80,K,3,1.365,6.1,63
93,T,5,1.36,6.1,24
103,E,4,1.283,5.8,49
70,E,3,1.179,5.3,44
101,V,3,1.17,5.2,31
123,V,6,1.17,5.2,28
32,G,5,1.158,5.2,48
49,K,4,1.13,5.1,40
64,T,4,1.127,5.1,41
114,T,4,1.094,4.9,42
78,K,3,1.027,4.6,57
42,V,5,0.989,4.4,27
125,K,5,0.988,4.4,37
91,M,4,0.963,4.3,72
7,Y,4,0.961,4.3,65
40,E,4,0.952,4.3,38
109,I,5,0.95,4.3,61
90,K,2,0.94,4.2,56
116,G,5,0.899,4.0,30
95,F,5,0.889,4.0,63
62,E,2,0.886,4.0,33
81,A,3,0.883,4.0,42
121,K,4,0.859,3.9,31
113,M,4,0.841,3.8,24
6,K,4,0.795,3.6,44
13,E,5,0.792,3.5,55
126,R,4,0.773,3.5,46
71,L,4,0.771,3.5,67
84,K,3,0.745,3.3,45
60,H,3,0.741,3.3,43
68,E,2,0.735,3.3,73
14,N,4,0.735,3.3,76
35,I,4,0.73,3.3,23
21,A,4,0.714,3.2,47
110,T,4,0.708,3.2,37
51,T,3,0.707,3.2,49
124,S,4,0.706,3.2,48
19,M,3,0.7,3.1,56
16,E,4,0.696,3.1,49
5,G,4,0.694,3.1,81
50,L,4,0.693,3.1,47
26,E,4,0.679,3.0,29
83,V,3,0.674,3.0,49
67,E,2,0.627,2.8,47
120,Y,3,0.626,2.8,40
102,T,3,0.622,2.8,61
72,E,2,0.612,2.7,31
25,P,3,0.581,2.6,37
10,Q,3,0.581,2.6,25
54,Y,3,0.568,2.5,61
111,N,3,0.564,2.5,29
85,M,2,0.562,2.5,37
9,V,3,0.56,2.5,43
4,S,2,0.556,2.5,15
33,K,3,0.55,2.5,21
87,G,2,0.546,2.4,53
119,V,3,0.546,2.4,43
122,R,3,0.538,2.4,67
41,I,3,0.535,2.4,75
53,T,2,0.529,2.4,17
38,V,3,0.528,2.4,32
94,T,2,0.516,2.3,39
45,G,3,0.498,2.2,82
17,P,3,0.477,2.1,36
118,I,3,0.468,2.1,54
108,T,2,0.447,2.0,42
107,D,2,0.438,2.0,40
27,D,2,0.435,1.9,44
11,S,2,0.428,1.9,42
74,M,2,0.406,1.8,34
69,C,2,0.396,1.8,75
43,H,1,0.391,1.8,44
57,K,2,0.372,1.7,54
104,F,1,0.369,1.7,33
52,I,2,0.366,1.6,57
46,K,1,0.366,1.6,54
92,V,2,0.366,1.6,54
58,V,2,0.36,1.6,45
39,S,2,0.348,1.6,29
20,K,2,0.343,1.5,60
77,E,2,0.325,1.5,62
48,V,2,0.311,1.4,36
100,S,2,0.304,1.4,37
36,K,1,0.271,1.2,65
15,F,1,0.253,1.1,65
82,V,1,0.247,1.1,27
63,F,1,0.239,1.1,85
98,I,1,0.225,1.0,33
59,I,1,0.223,1.0,42
89,N,1,0.214,1.0,34
22,M,1,0.212,0.9,54
79,V,1,0.204,0.9,33
73,T,1,0.204,0.9,62
117,D,1,0.202,0.9,35
66,G,1,0.2,0.9,89
86,E,1,0.196,0.9,46
75,T,1,0.194,0.9,76
28,L,1,0.194,0.9,32
65,L,1,0.172,0.8,56
55,G,1,0.168,0.8,56
105,N,1,0.166,0.7,22
44,E,1,0.164,0.7,32
31,K,1,0.158,0.7,21
18,F,1,0.158,0.7,50
30,Q,1,0.154,0.7,58
106,G,1,0.153,0.7,43
8,Q,1,0.149,0.7,51
34,D,1,0.147,0.7,20
96,K,1,0.144,0.6,57
115,L,1,0.144,0.6,16
