{"templates":["c95728d2ad14943075db950251f12fa31bf2dc23"],"oligo":{"state":"MONOMER","based_on":"prediction","predicted_qs":null},"residue_range":[{"chain_name":"A","residue_from":"11","residue_to":"147"}],"lddt_ca":null,"gdt_ha":null,"pred_lddt":0.5329999924,"gdt_ts":null,"lddt":null,"ligands":[{"description":"S-ADENOSYLMETHIONINE","number":"1","reason":{"sterically_valid":false,"conserved_residues":false,"relevant":true,"bound":true},"included":false,"model_binding_residues":[],"name":["SAM"]}],"mod_engine":"PROMOD"}