{"templates":["337f96d86bee22294a9275bb1b1a9f6badb791d9"],"oligo":{"state":"MONOMER","based_on":"monomer","predicted_qs":null},"residue_range":[{"chain_name":"A","residue_from":"11","residue_to":"147"}],"lddt_ca":null,"gdt_ha":null,"pred_lddt":0.5260000229,"gdt_ts":null,"lddt":null,"ligands":[{"description":"IODIDE ION","number":"1","reason":{"sterically_valid":false,"conserved_residues":false,"relevant":false,"bound":true},"included":false,"model_binding_residues":[],"name":["IOD"]},{"description":"S-ADENOSYL-L-HOMOCYSTEINE","number":"2","reason":{"sterically_valid":false,"conserved_residues":false,"relevant":true,"bound":true},"included":false,"model_binding_residues":[],"name":["SAH"]},{"description":"N,N-DIMETHYL-L-METHIONINE","number":"3","reason":{"sterically_valid":false,"conserved_residues":false,"relevant":true,"bound":true},"included":false,"model_binding_residues":[],"name":["2MM"]}],"mod_engine":"PROMOD"}