38,32,0.52412,2.0601,68,43,0,0,0,0,V,L
48,39,0.43232,1.97,64,61,0,0,0,0,R,T
58,34,0.37817,2.042,34,26,0,0,0,0,A,V
49,29,0.33849,2.7179,47,34,0,0,0,0,L,I
48,41,0.32718,2.0544,64,64,0,0,0,0,R,E
24,8,0.29672,7.9363,36,66,0,0,0,0,K,L
43,37,0.29519,11.813,48,33,0,0,0,0,R,I
63,3,0.29253,1.8381,42,34,0,0,0,0,V,T
60,9,0.29212,1.9823,32,70,0,0,0,0,V,V
19,11,0.28903,3.0455,24,21,999,0,0,0,V,K
51,13,0.27319,2.4755,63,26,0,0,0,0,V,V
54,28,0.26963,18.075,16,18,0,0,0,0,L,Q
29,13,0.26441,4.1414,34,26,0,0,0,0,I,V
61,10,0.25517,5.9897,89,93,0,0,0,0,V,G
20,5,0.25407,2.2391,93,93,0,0,0,0,I,W
47,10,0.25135,11.74,95,93,0,0,0,0,V,G
48,30,0.25104,3.4381,64,22,0,0,0,0,R,I
58,33,0.24216,6.2599,34,49,0,0,0,0,A,P
62,40,0.23653,8.5203,20,20,0,0,0,0,R,M
29,21,0.23558,2.4506,34,28,0,0,0,0,I,L
60,30,0.22277,10.848,32,22,0,0,0,0,V,I
50,35,0.2204,2.9987,50,78,0,0,0,0,F,G
63,42,0.21651,4.469,42,45,0,0,0,0,V,Y
16,7,0.21543,6.482,93,89,0,0,0,0,A,E
55,13,0.21528,1.9136,36,26,0,0,0,0,D,V
44,24,0.21019,1.6522,32,36,0,0,0,0,I,K
25,15,0.20762,11.594,70,35,999,0,0,0,P,E
31,9,0.20572,10.554,51,70,0,0,0,0,V,V
54,33,0.20344,6.3895,16,49,0,0,0,0,L,P
44,25,0.20315,8.7343,32,70,0,0,0,0,I,P
9,3,0.202,11.137,70,34,0,0,0,0,V,T
50,38,0.19984,1.8351,50,68,0,0,0,0,F,V
23,7,0.19612,4.3742,45,89,0,0,0,0,D,E
19,12,0.19468,6.5321,24,24,999,0,0,0,V,S
49,5,0.19322,5.5125,47,93,0,0,0,0,L,W
35,29,0.19171,13.556,78,34,999,0,0,0,G,I
58,37,0.18842,9.8394,34,33,0,0,0,0,A,I
57,6,0.1866,5.1159,81,91,0,0,0,0,I,P
27,6,0.18246,12.129,46,91,0,0,0,0,A,P
33,15,0.18202,13.671,49,35,0,0,0,0,P,E
59,34,0.1811,2.769,25,26,0,0,0,0,Q,V
61,2,0.18012,6.5728,89,81,0,0,0,0,V,K
43,36,0.17748,12.189,48,36,0,0,0,0,R,T
56,34,0.1773,4.9401,20,26,0,0,0,0,N,V
57,20,0.1773,4.8349,81,93,0,0,0,0,I,I
16,2,0.17532,7.6886,93,81,0,0,0,0,A,K
59,38,0.17371,5.9588,25,68,0,0,0,0,Q,V
47,5,0.1734,2.2076,95,93,0,0,0,0,V,W
50,32,0.1733,1.9173,50,43,0,0,0,0,F,L
31,17,0.17256,2.7286,51,43,0,0,0,0,V,K
27,8,0.17208,8.2517,46,66,0,0,0,0,A,L
61,47,0.17125,2.7109,89,95,0,0,0,0,V,V
16,5,0.16915,4.9326,93,93,0,0,0,0,A,W
60,53,0.16888,11.735,32,16,0,0,0,0,V,K
60,33,0.16762,11.085,32,49,0,0,0,0,V,P
53,15,0.16729,13.344,16,35,0,0,0,0,K,E
57,46,0.16709,11.041,81,95,0,0,0,0,I,R
53,14,0.16684,11.528,16,36,0,0,0,0,K,E
59,39,0.16673,9.1643,25,61,0,0,0,0,Q,T
23,5,0.16586,1.8409,45,93,0,0,0,0,D,W
49,39,0.16356,9.7015,47,61,0,0,0,0,L,T
35,22,0.16326,22.132,78,27,0,0,0,0,G,Q
22,14,0.16255,7.755,27,36,999,0,0,0,Q,E
64,32,0.16178,10.25,80,43,0,0,0,0,G,L
47,2,0.16165,6.108,95,81,0,0,0,0,V,K
31,18,0.16142,9.4405,51,21,0,0,0,0,V,K
34,12,0.16133,9.2886,26,24,0,0,0,0,V,S
62,18,0.16108,12.095,20,21,0,0,0,0,R,K
57,49,0.16102,2.0197,81,47,0,0,0,0,I,L
44,37,0.16016,15.395,32,33,0,0,0,0,I,I
31,13,0.16013,2.1154,51,26,0,0,0,0,V,V
26,14,0.15894,13.011,40,36,999,0,0,0,E,E
64,16,0.15818,12.956,80,93,0,0,0,0,G,A
51,31,0.15725,2.1804,63,51,0,0,0,0,V,V
59,45,0.15681,14.307,25,33,0,0,0,0,Q,D
46,2,0.15596,8.4749,95,81,0,0,0,0,R,K
54,29,0.15549,13.116,16,34,0,0,0,0,L,I
64,46,0.1547,3.8997,80,95,0,0,0,0,G,R
64,57,0.15419,13.449,80,81,0,0,0,0,G,I
53,42,0.15365,22.17,16,45,0,0,0,0,K,Y
48,38,0.15356,1.8185,64,68,0,0,0,0,R,V
57,47,0.15296,6.6291,81,95,0,0,0,0,I,V
61,46,0.1529,7.7221,89,95,0,0,0,0,V,R
23,8,0.15271,5.0253,45,66,0,0,0,0,D,L
25,16,0.15168,9.6329,70,93,999,0,0,0,P,A
22,4,0.15114,9.4157,27,59,0,0,0,0,Q,E
53,30,0.15077,12.859,16,22,0,0,0,0,K,I
51,22,0.14991,14.177,63,27,0,0,0,0,V,Q
63,10,0.1488,14.874,42,93,0,0,0,0,V,G
52,46,0.14727,14.16,68,95,999,0,0,0,D,R
63,50,0.14613,7.4594,42,50,0,0,0,0,V,F
46,5,0.14549,5.2314,95,93,0,0,0,0,R,W
20,10,0.14492,9.9144,93,93,0,0,0,0,I,G
23,16,0.14424,6.514,45,93,999,0,0,0,D,A
31,4,0.14344,12.463,51,59,0,0,0,0,V,E
20,14,0.14281,5.8574,93,36,999,0,0,0,I,E
51,33,0.14174,2.8566,63,49,0,0,0,0,V,P
40,34,0.14166,12.02,20,26,0,0,0,0,M,V
16,10,0.14079,7.0461,93,93,0,0,0,0,A,G
61,5,0.13967,2.1779,89,93,0,0,0,0,V,W
62,30,0.1388,7.5694,20,22,0,0,0,0,R,I
59,43,0.13675,11.7,25,48,0,0,0,0,Q,R
44,9,0.13591,17.214,32,70,0,0,0,0,I,V
18,11,0.13573,5.6649,21,21,999,0,0,0,K,K
25,10,0.13543,19.575,70,93,0,0,0,0,P,G
58,19,0.1351,11.983,34,24,0,0,0,0,A,V
26,11,0.13477,17.062,40,21,0,0,0,0,E,K
19,8,0.13459,2.1541,24,66,0,0,0,0,V,L
33,12,0.1342,9.6617,49,24,0,0,0,0,P,S
57,16,0.1335,2.2847,81,93,0,0,0,0,I,A
29,20,0.13333,1.9315,34,93,0,0,0,0,I,I
42,36,0.13325,14.339,45,36,0,0,0,0,Y,T
42,3,0.13239,4.305,45,34,0,0,0,0,Y,T
60,45,0.13203,14.849,32,33,0,0,0,0,V,D
44,34,0.13187,17.5,32,26,0,0,0,0,I,V
19,13,0.13127,5.6651,24,26,999,0,0,0,V,V
47,7,0.13087,7.4205,95,89,0,0,0,0,V,E
41,35,0.13085,13.062,64,78,0,0,0,0,E,G
22,12,0.13045,11.244,27,24,999,0,0,0,Q,S
59,52,0.13044,5.3305,25,68,0,0,0,0,Q,D
45,12,0.12913,16.267,33,24,0,0,0,0,D,S
24,3,0.12864,4.3249,36,34,0,0,0,0,K,T
18,9,0.12849,10.465,21,70,0,0,0,0,K,V
27,16,0.12847,7.1105,46,93,0,0,0,0,A,A
37,19,0.12805,19.769,33,24,0,0,0,0,I,V
60,7,0.12768,5.0377,32,89,0,0,0,0,V,E
63,20,0.12754,4.5139,42,93,0,0,0,0,V,I
27,21,0.12689,1.9475,46,28,0,0,0,0,A,L
23,6,0.12676,6.2449,45,91,0,0,0,0,D,P
57,5,0.12668,4.3217,81,93,0,0,0,0,I,W
37,28,0.1261,15.771,33,18,999,0,0,0,I,Q
30,17,0.12524,3.0587,22,43,0,0,0,0,I,K
63,45,0.12492,4.5184,42,33,0,0,0,0,V,D
64,5,0.12388,5.2039,80,93,0,0,0,0,G,W
13,3,0.12372,13.852,26,34,0,0,0,0,V,T
21,11,0.12307,9.7894,28,21,999,0,0,0,L,K
49,41,0.12269,8.6009,47,64,0,0,0,0,L,E
34,3,0.12231,13.962,26,34,0,0,0,0,V,T
53,11,0.12205,9.682,16,21,0,0,0,0,K,K
64,6,0.12145,11.404,80,91,0,0,0,0,G,P
32,11,0.12142,10.187,43,21,0,0,0,0,L,K
28,4,0.12072,12.337,18,59,0,0,0,0,Q,E
27,7,0.12059,11.345,46,89,0,0,0,0,A,E
33,21,0.11979,16.523,49,28,0,0,0,0,P,L
62,37,0.11893,7.9707,20,33,0,0,0,0,R,I
51,18,0.11889,9.8027,63,21,0,0,0,0,V,K
64,47,0.11876,4.716,80,95,0,0,0,0,G,V
40,14,0.11857,22.355,20,36,0,0,0,0,M,E
62,54,0.11846,15.494,20,16,0,0,0,0,R,L
62,43,0.1177,6.7206,20,48,0,0,0,0,R,R
62,56,0.11714,11.176,20,20,0,0,0,0,R,N
34,28,0.11668,15.263,26,18,999,0,0,0,V,Q
23,3,0.1166,6.8397,45,34,0,0,0,0,D,T
34,13,0.11644,8.2363,26,26,0,0,0,0,V,V
45,29,0.11618,4.4031,33,34,0,0,0,0,D,I
18,12,0.11477,5.9663,21,24,999,0,0,0,K,S
43,18,0.11462,15.154,48,21,0,0,0,0,R,K
56,17,0.11444,8.5865,20,43,0,0,0,0,N,K
32,26,0.11438,14.264,43,40,999,0,0,0,L,E
56,28,0.1135,16.327,20,18,0,0,0,0,N,Q
16,6,0.11331,8.183,93,91,0,0,0,0,A,P
45,28,0.11321,1.8419,33,18,0,0,0,0,D,Q
61,52,0.11245,7.7442,89,68,0,0,0,0,V,D
20,2,0.11241,4.3454,93,81,0,0,0,0,I,K
59,11,0.11231,7.1973,25,21,0,0,0,0,Q,K
10,2,0.11199,12.301,93,81,0,0,0,0,G,K
46,10,0.1116,16.578,95,93,0,0,0,0,R,G
25,14,0.11154,11.712,70,36,999,0,0,0,P,E
21,8,0.11143,6.1674,28,66,0,0,0,0,L,L
62,44,0.11105,7.0249,20,32,0,0,0,0,R,I
45,36,0.11059,14.799,33,36,0,0,0,0,D,T
20,6,0.11026,6.9347,93,91,0,0,0,0,I,P
32,22,0.10994,16.043,43,27,0,0,0,0,L,Q
62,52,0.10893,11.747,20,68,0,0,0,0,R,D
44,28,0.10818,4.6995,32,18,0,0,0,0,I,Q
20,7,0.10772,5.3383,93,89,0,0,0,0,I,E
64,58,0.10763,16.479,80,34,0,0,0,0,G,A
52,36,0.10747,7.3004,68,36,0,0,0,0,D,T
53,37,0.10719,8.1594,16,33,0,0,0,0,K,I
49,13,0.10706,1.9234,47,26,0,0,0,0,L,V
47,6,0.10693,7.6904,95,91,0,0,0,0,V,P
20,9,0.10619,7.7051,93,70,0,0,0,0,I,V
47,27,0.10586,2.1095,95,46,0,0,0,0,V,A
45,19,0.10561,12.468,33,24,0,0,0,0,D,V
40,11,0.10537,21.23,20,21,0,0,0,0,M,K
48,33,0.10509,7.461,64,49,0,0,0,0,R,P
46,6,0.10508,12.268,95,91,0,0,0,0,R,P
27,5,0.10456,4.387,46,93,0,0,0,0,A,W
36,12,0.10328,14.106,36,24,0,0,0,0,T,S
28,22,0.10262,9.7607,18,27,0,0,0,0,Q,Q
45,21,0.10258,6.7718,33,28,0,0,0,0,D,L
32,15,0.10239,11.687,43,35,0,0,0,0,L,E
40,28,0.10215,15.004,20,18,0,0,0,0,M,Q
29,10,0.10206,12.76,34,93,0,0,0,0,I,G
51,21,0.10172,11.794,63,28,0,0,0,0,V,L
64,7,0.10152,12.938,80,89,0,0,0,0,G,E
57,50,0.10146,3.5736,81,50,0,0,0,0,I,F
54,45,0.10069,20.908,16,33,0,0,0,0,L,D
39,30,0.10042,9.5032,61,22,0,0,0,0,T,I
28,14,0.10026,10.418,18,36,0,0,0,0,Q,E
52,34,0.10001,2.4455,68,26,0,0,0,0,D,V
35,15,0.099942,17.686,78,35,0,0,0,0,G,E
37,14,0.09972,18.716,33,36,0,0,0,0,I,E
60,40,0.099392,12.345,32,20,0,0,0,0,V,M
47,20,0.099371,1.7783,95,93,0,0,0,0,V,I
30,12,0.098139,10.514,22,24,0,0,0,0,I,S
44,8,0.097717,12.584,32,66,0,0,0,0,I,L
26,12,0.097559,16.346,40,24,0,0,0,0,E,S
46,16,0.097505,10.074,95,93,0,0,0,0,R,A
60,22,0.096614,12.981,32,27,0,0,0,0,V,Q
32,25,0.096253,17.229,43,70,999,0,0,0,L,P
54,22,0.095545,18.84,16,27,0,0,0,0,L,Q
60,18,0.095498,12.909,32,21,0,0,0,0,V,K
52,7,0.095411,13.98,68,89,0,0,0,0,D,E
57,10,0.094889,2.0541,81,93,0,0,0,0,I,G
59,40,0.094192,9.3481,25,20,0,0,0,0,Q,M
62,45,0.093745,8.2866,20,33,0,0,0,0,R,D
58,36,0.092765,8.7104,34,36,0,0,0,0,A,T
42,30,0.09259,11.33,45,22,0,0,0,0,Y,I
36,21,0.092457,18.753,36,28,0,0,0,0,T,L
55,28,0.092448,14.046,36,18,0,0,0,0,D,Q
31,12,0.092408,6.6803,51,24,0,0,0,0,V,S
61,6,0.092309,3.6963,89,91,0,0,0,0,V,P
35,4,0.091951,14.614,78,59,0,0,0,0,G,E
17,11,0.091866,6.631,43,21,0,0,0,0,K,K
24,16,0.091773,7.6635,36,93,999,0,0,0,K,A
56,23,0.091611,15.916,20,45,0,0,0,0,N,D
49,20,0.091606,2.9333,47,93,0,0,0,0,L,I
28,17,0.091129,5.9992,18,43,0,0,0,0,Q,K
30,14,0.090642,7.5983,22,36,0,0,0,0,I,E
64,35,0.089362,15.451,80,78,0,0,0,0,G,G
61,20,0.089293,3.1372,89,93,0,0,0,0,V,I
51,17,0.089291,5.9556,63,43,0,0,0,0,V,K
61,48,0.089264,2.744,89,64,0,0,0,0,V,R
34,26,0.089047,20.023,26,40,0,0,0,0,V,E
44,19,0.088289,12.416,32,24,0,0,0,0,I,V
46,20,0.087997,5.5644,95,93,0,0,0,0,R,I
31,14,0.087907,5.892,51,36,0,0,0,0,V,E
51,45,0.087721,13.905,63,33,999,0,0,0,V,D
61,16,0.08765,3.7769,89,93,0,0,0,0,V,A
54,39,0.087527,19.229,16,61,0,0,0,0,L,T
30,24,0.087346,9.0448,22,36,0,0,0,0,I,K
59,53,0.086739,7.8359,25,16,0,0,0,0,Q,K
30,21,0.086198,7.1309,22,28,0,0,0,0,I,L
64,10,0.08595,18.049,80,93,0,0,0,0,G,G
33,25,0.085896,21.174,49,70,999,0,0,0,P,P
49,28,0.0855,7.644,47,18,0,0,0,0,L,Q
55,31,0.085371,3.5433,36,51,0,0,0,0,D,V
64,20,0.085129,8.492,80,93,0,0,0,0,G,I
40,9,0.084829,18.051,20,70,0,0,0,0,M,V
59,37,0.084758,4.9211,25,33,0,0,0,0,Q,I
62,28,0.084687,8.5078,20,18,0,0,0,0,R,Q
54,17,0.083686,10.74,16,43,0,0,0,0,L,K
54,21,0.083305,16.86,16,28,0,0,0,0,L,L
56,14,0.083035,6.6171,20,36,0,0,0,0,N,E
41,34,0.08286,13.151,64,26,0,0,0,0,E,V
23,2,0.082593,1.8635,45,81,0,0,0,0,D,K
63,44,0.082339,1.8465,42,32,0,0,0,0,V,I
41,10,0.082084,20.236,64,93,0,0,0,0,E,G
54,23,0.081281,19.922,16,45,0,0,0,0,L,D
28,21,0.081181,3.9493,18,28,0,0,0,0,Q,L
61,49,0.08112,2.0353,89,47,0,0,0,0,V,L
54,9,0.080633,10.517,16,70,0,0,0,0,L,V
41,17,0.080482,13.384,64,43,0,0,0,0,E,K
55,18,0.080462,9.2443,36,21,0,0,0,0,D,K
50,41,0.079992,6.8416,50,64,0,0,0,0,F,E
54,12,0.079691,3.9625,16,24,0,0,0,0,L,S
61,7,0.079467,5.2232,89,89,0,0,0,0,V,E
53,17,0.079305,12.793,16,43,0,0,0,0,K,K
24,2,0.078851,4.2971,36,81,0,0,0,0,K,K
56,50,0.078689,4.8883,20,50,0,0,0,0,N,F
55,45,0.078107,17.123,36,33,0,0,0,0,D,D
64,41,0.077734,3.6841,80,64,0,0,0,0,G,E
49,14,0.077411,5.2219,47,36,0,0,0,0,L,E
28,8,0.077394,11.4,18,66,0,0,0,0,Q,L
39,29,0.077255,11.933,61,34,0,0,0,0,T,I
51,44,0.077166,15.37,63,32,999,0,0,0,V,I
60,34,0.077101,6.5602,32,26,0,0,0,0,V,V
43,28,0.076816,6.1209,48,18,0,0,0,0,R,Q
57,29,0.076475,6.5477,81,34,0,0,0,0,I,I
54,25,0.076191,22.616,16,70,0,0,0,0,L,P
63,16,0.075463,9.5171,42,93,0,0,0,0,V,A
60,51,0.075383,7.2264,32,63,0,0,0,0,V,V
63,24,0.075177,2.0797,42,36,0,0,0,0,V,K
20,8,0.075014,2.1471,93,66,0,0,0,0,I,L
58,51,0.07493,2.4636,34,63,0,0,0,0,A,V
54,42,0.074085,24.807,16,45,0,0,0,0,L,Y
45,25,0.07406,8.2811,33,70,0,0,0,0,D,P
54,13,0.073955,5.3645,16,26,0,0,0,0,L,V
48,40,0.073869,4.929,64,20,0,0,0,0,R,M
62,15,0.073777,12.16,20,35,0,0,0,0,R,E
57,2,0.073679,9.7543,81,81,0,0,0,0,I,K
52,2,0.073492,17.03,68,81,0,0,0,0,D,K
62,11,0.073245,11.31,20,21,0,0,0,0,R,K
27,18,0.072293,7.2951,46,21,0,0,0,0,A,K
40,30,0.07131,13.608,20,22,0,0,0,0,M,I
53,33,0.071225,3.3424,16,49,0,0,0,0,K,P
63,47,0.07096,1.7885,42,95,0,0,0,0,V,V
38,14,0.070925,16.258,68,36,0,0,0,0,V,E
51,38,0.07088,8.3753,63,68,0,0,0,0,V,V
64,4,0.07088,6.4764,80,59,0,0,0,0,G,E
33,14,0.070482,11.631,49,36,0,0,0,0,P,E
30,6,0.069629,14.243,22,91,0,0,0,0,I,P
43,27,0.069592,6.4355,48,46,0,0,0,0,R,A
48,23,0.069559,10.996,64,45,0,0,0,0,R,D
40,26,0.068717,16.554,20,40,0,0,0,0,M,E
34,14,0.068627,12.278,26,36,0,0,0,0,V,E
21,15,0.068514,6.2397,28,35,999,0,0,0,L,E
36,30,0.067529,8.4067,36,22,999,0,0,0,T,I
48,36,0.067321,5.9594,64,36,0,0,0,0,R,T
49,30,0.067295,2.736,47,22,0,0,0,0,L,I
64,2,0.06659,7.1207,80,81,0,0,0,0,G,K
29,6,0.066433,10.763,34,91,0,0,0,0,I,P
35,14,0.065836,16.128,78,36,0,0,0,0,G,E
53,12,0.064846,8.5226,16,24,0,0,0,0,K,S
59,15,0.064796,11.271,25,35,0,0,0,0,Q,E
55,41,0.064766,17.452,36,64,0,0,0,0,D,E
63,55,0.064578,15.543,42,36,0,0,0,0,V,D
53,45,0.064494,21.429,16,33,0,0,0,0,K,D
46,7,0.064345,12.782,95,89,0,0,0,0,R,E
58,41,0.063384,16.536,34,64,0,0,0,0,A,E
52,3,0.06301,16.991,68,34,0,0,0,0,D,T
27,20,0.062944,2.7189,46,93,0,0,0,0,A,I
47,8,0.0629,4.6012,95,66,0,0,0,0,V,L
62,42,0.062592,8.5437,20,45,0,0,0,0,R,Y
36,24,0.061276,17.94,36,36,0,0,0,0,T,K
62,3,0.060949,2.5961,20,34,0,0,0,0,R,T
49,10,0.06093,7.3449,47,93,0,0,0,0,L,G
26,18,0.060561,9.4323,40,21,0,0,0,0,E,K
58,28,0.060488,16.477,34,18,0,0,0,0,A,Q
54,36,0.060035,10.172,16,36,0,0,0,0,L,T
58,40,0.060014,16.194,34,20,0,0,0,0,A,M
44,22,0.059751,12.006,32,27,0,0,0,0,I,Q
19,6,0.059699,6.5154,24,91,0,0,0,0,V,P
49,6,0.058928,8.3098,47,91,0,0,0,0,L,P
50,23,0.058578,14.104,50,45,0,0,0,0,F,D
47,16,0.058376,5.8515,95,93,0,0,0,0,V,A
45,39,0.058319,8.8313,33,61,0,0,0,0,D,T
50,31,0.058293,4.7832,50,51,0,0,0,0,F,V
15,3,0.058162,14.398,35,34,0,0,0,0,E,T
55,35,0.057999,10.284,36,78,0,0,0,0,D,G
33,22,0.057984,19.853,49,27,0,0,0,0,P,Q
38,31,0.057651,7.0269,68,51,0,0,0,0,V,V
50,39,0.057274,5.4306,50,61,0,0,0,0,F,T
31,11,0.056927,8.2822,51,21,0,0,0,0,V,K
36,22,0.056807,22.173,36,27,0,0,0,0,T,Q
49,36,0.056706,7.1749,47,36,0,0,0,0,L,T
21,12,0.056307,9.9032,28,24,999,0,0,0,L,S
31,25,0.056069,14.6,51,70,999,0,0,0,V,P
48,14,0.05579,11.228,64,36,0,0,0,0,R,E
53,4,0.055766,17.773,16,59,0,0,0,0,K,E
54,32,0.055702,8.2994,16,43,0,0,0,0,L,L
58,21,0.055469,15.239,34,28,0,0,0,0,A,L
24,11,0.055452,12.339,36,21,0,0,0,0,K,K
53,39,0.055303,14.997,16,61,0,0,0,0,K,T
30,4,0.054645,11.805,22,59,0,0,0,0,I,E
30,16,0.053847,8.1897,22,93,0,0,0,0,I,A
54,34,0.053529,6.6269,16,26,0,0,0,0,L,V
43,29,0.053486,7.0183,48,34,0,0,0,0,R,I
57,17,0.052473,5.1913,81,43,0,0,0,0,I,K
26,9,0.052337,18.506,40,70,0,0,0,0,E,V
38,4,0.052129,11.858,68,59,0,0,0,0,V,E
36,28,0.051327,13.781,36,18,999,0,0,0,T,Q
35,9,0.051131,12.169,78,70,0,0,0,0,G,V
56,18,0.050341,10.61,20,21,0,0,0,0,N,K
34,15,0.050035,13.668,26,35,0,0,0,0,V,E
37,31,0.049553,10.38,33,51,0,0,0,0,I,V
21,13,0.049415,7.189,28,26,999,0,0,0,L,V
50,33,0.049366,2.808,50,49,0,0,0,0,F,P
48,29,0.049245,4.2637,64,34,0,0,0,0,R,I
61,44,0.049119,10.709,89,32,0,0,0,0,V,I
63,53,0.04893,17.689,42,16,0,0,0,0,V,K
58,9,0.048667,4.2568,34,70,0,0,0,0,A,V
51,36,0.048662,6.1529,63,36,0,0,0,0,V,T
34,19,0.048575,14.933,26,24,0,0,0,0,V,V
53,19,0.048532,17.607,16,24,0,0,0,0,K,V
22,9,0.048486,11.609,27,70,0,0,0,0,Q,V
60,26,0.048232,16.107,32,40,0,0,0,0,V,E
28,19,0.04813,10.711,18,24,0,0,0,0,Q,V
60,43,0.047798,13.22,32,48,0,0,0,0,V,R
55,27,0.047645,14.582,36,46,0,0,0,0,D,A
55,14,0.047335,3.4992,36,36,0,0,0,0,D,E
33,23,0.046839,19.803,49,45,0,0,0,0,P,D
49,7,0.046763,8.6417,47,89,0,0,0,0,L,E
35,8,0.046282,13.694,78,66,0,0,0,0,G,L
57,23,0.046219,10.743,81,45,0,0,0,0,I,D
44,11,0.045999,18.105,32,21,0,0,0,0,I,K
64,25,0.045371,12.151,80,70,0,0,0,0,G,P
45,13,0.045135,12.072,33,26,0,0,0,0,D,V
49,26,0.045112,11.802,47,40,0,0,0,0,L,E
47,39,0.044673,10.521,95,61,0,0,0,0,V,T
26,20,0.044429,6.3216,40,93,0,0,0,0,E,I
64,11,0.044316,17.187,80,21,0,0,0,0,G,K
54,18,0.044186,13.375,16,21,0,0,0,0,L,K
47,41,0.043825,8.3225,95,64,0,0,0,0,V,E
43,16,0.042931,13.775,48,93,0,0,0,0,R,A
44,26,0.042613,3.9687,32,40,0,0,0,0,I,E
61,50,0.042416,3.461,89,50,0,0,0,0,V,F
34,18,0.042394,15.261,26,21,0,0,0,0,V,K
55,3,0.041667,17.17,36,34,0,0,0,0,D,T
38,30,0.041384,7.69,68,22,0,0,0,0,V,I
45,26,0.041339,3.5957,33,40,0,0,0,0,D,E
62,24,0.041078,6.6001,20,36,0,0,0,0,R,K
32,21,0.040958,12.695,43,28,0,0,0,0,L,L
46,35,0.040532,12.543,95,78,0,0,0,0,R,G
31,23,0.040428,14.553,51,45,0,0,0,0,V,D
64,42,0.040329,2.3225,80,45,0,0,0,0,G,Y
59,36,0.040251,7.3881,25,36,0,0,0,0,Q,T
27,13,0.039899,9.6293,46,26,0,0,0,0,A,V
51,42,0.039677,17.215,63,45,999,0,0,0,V,Y
39,21,0.039367,17.148,61,28,0,0,0,0,T,L
44,27,0.039242,3.8963,32,46,0,0,0,0,I,A
52,37,0.039234,10.188,68,33,0,0,0,0,D,I
52,17,0.038667,10.685,68,43,0,0,0,0,D,K
14,7,0.038589,10.771,36,89,0,0,0,0,E,E
28,11,0.038527,15.641,18,21,0,0,0,0,Q,K
57,44,0.0385,15.16,81,32,0,0,0,0,I,I
52,5,0.038233,11.894,68,93,0,0,0,0,D,W
40,3,0.038187,11.21,20,34,0,0,0,0,M,T
30,18,0.038099,10.099,22,21,0,0,0,0,I,K
50,25,0.037928,17.385,50,70,0,0,0,0,F,P
56,45,0.037899,18.742,20,33,0,0,0,0,N,D
27,11,0.036804,13.207,46,21,0,0,0,0,A,K
47,11,0.036541,10.126,95,21,0,0,0,0,V,K
24,15,0.036127,10.178,36,35,999,0,0,0,K,E
64,40,0.036096,6.699,80,20,0,0,0,0,G,M
52,35,0.036086,6.2217,68,78,0,0,0,0,D,G
8,2,0.035913,4.7034,66,81,0,0,0,0,L,K
49,4,0.035835,8.2039,47,59,0,0,0,0,L,E
25,18,0.035547,6.8803,70,21,999,0,0,0,P,K
22,13,0.035532,9.3824,27,26,999,0,0,0,Q,V
56,30,0.035415,11.27,20,22,0,0,0,0,N,I
53,38,0.035379,10.733,16,68,0,0,0,0,K,V
55,16,0.035373,6.3275,36,93,0,0,0,0,D,A
50,21,0.035222,13.032,50,28,0,0,0,0,F,L
58,20,0.035176,10.015,34,93,0,0,0,0,A,I
48,8,0.035054,7.0089,64,66,0,0,0,0,R,L
62,9,0.03499,6.4216,20,70,0,0,0,0,R,V
44,32,0.034839,11.337,32,43,0,0,0,0,I,L
57,7,0.034513,6.821,81,89,0,0,0,0,I,E
51,29,0.034482,6.8328,63,34,0,0,0,0,V,I
31,24,0.034418,12.821,51,36,0,0,0,0,V,K
40,32,0.03438,8.7917,20,43,0,0,0,0,M,L
15,4,0.03426,11.647,35,59,0,0,0,0,E,E
48,28,0.034028,6.432,64,18,0,0,0,0,R,Q
42,13,0.033935,17.779,45,26,0,0,0,0,Y,V
47,35,0.033721,12.213,95,78,0,0,0,0,V,G
57,27,0.033693,11.075,81,46,0,0,0,0,I,A
50,18,0.03368,12.712,50,21,0,0,0,0,F,K
53,28,0.033225,18.253,16,18,0,0,0,0,K,Q
44,31,0.033046,12.616,32,51,0,0,0,0,I,V
16,8,0.032851,2.0298,93,66,0,0,0,0,A,L
64,49,0.032691,8.9562,80,47,0,0,0,0,G,L
51,12,0.032596,4.5543,63,24,0,0,0,0,V,S
44,3,0.032371,4.0722,32,34,0,0,0,0,I,T
61,8,0.031676,2.0688,89,66,0,0,0,0,V,L
32,14,0.031164,9.6522,43,36,0,0,0,0,L,E
27,15,0.031038,10.101,46,35,0,0,0,0,A,E
62,14,0.030764,12.626,20,36,0,0,0,0,R,E
58,50,0.030298,3.3318,34,50,0,0,0,0,A,F
56,40,0.030292,18.577,20,20,0,0,0,0,N,M
28,10,0.030279,18.422,18,93,0,0,0,0,Q,G
52,24,0.030147,19.144,68,36,0,0,0,0,D,K
53,36,0.029667,5.0319,16,36,0,0,0,0,K,T
59,28,0.029483,13.752,25,18,0,0,0,0,Q,Q
60,4,0.028972,2.3013,32,59,0,0,0,0,V,E
44,38,0.028805,11.093,32,68,0,0,0,0,I,V
29,3,0.028581,8.5766,34,34,0,0,0,0,I,T
51,23,0.028076,14.396,63,45,0,0,0,0,V,D
56,36,0.028011,10.824,20,36,0,0,0,0,N,T
54,31,0.027866,7.1862,16,51,0,0,0,0,L,V
51,37,0.027785,8.5606,63,33,0,0,0,0,V,I
29,18,0.027652,5.12,34,21,0,0,0,0,I,K
52,27,0.027638,16.897,68,46,0,0,0,0,D,A
42,23,0.027468,12.596,45,45,0,0,0,0,Y,D
41,22,0.027283,19.056,64,27,0,0,0,0,E,Q
54,11,0.02694,6.5046,16,21,0,0,0,0,L,K
30,23,0.026906,12.648,22,45,0,0,0,0,I,D
55,36,0.026707,9.9758,36,36,0,0,0,0,D,T
44,13,0.026627,14.246,32,26,0,0,0,0,I,V
26,17,0.026425,8.63,40,43,0,0,0,0,E,K
62,26,0.026188,10.593,20,40,0,0,0,0,R,E
27,12,0.026126,12.838,46,24,0,0,0,0,A,S
49,34,0.025942,4.9057,47,26,0,0,0,0,L,V
52,32,0.025462,5.4117,68,43,0,0,0,0,D,L
41,11,0.025385,19.473,64,21,0,0,0,0,E,K
59,41,0.025177,10.391,25,64,0,0,0,0,Q,E
9,2,0.025029,8.0854,70,81,0,0,0,0,V,K
48,15,0.024329,11.825,64,35,0,0,0,0,R,E
49,21,0.024307,7.368,47,28,0,0,0,0,L,L
38,18,0.024256,17.691,68,21,0,0,0,0,V,K
55,17,0.024207,6.0317,36,43,0,0,0,0,D,K
16,9,0.024171,5.6794,93,70,0,0,0,0,A,V
53,26,0.024167,23.839,16,40,0,0,0,0,K,E
25,19,0.024005,5.9056,70,24,0,0,0,0,P,V
25,5,0.023807,6.2884,70,93,0,0,0,0,P,W
35,21,0.023566,19.621,78,28,0,0,0,0,G,L
59,50,0.023439,2.5888,25,50,0,0,0,0,Q,F
42,5,0.022914,8.4608,45,93,0,0,0,0,Y,W
23,10,0.022766,13.782,45,93,999,0,0,0,D,G
37,30,0.022624,11.643,33,22,0,0,0,0,I,I
50,36,0.022169,1.7786,50,36,0,0,0,0,F,T
43,24,0.021962,5.2075,48,36,0,0,0,0,R,K
40,33,0.021659,12.707,20,49,0,0,0,0,M,P
48,42,0.021436,5.3958,64,45,0,0,0,0,R,Y
53,23,0.021409,22.114,16,45,0,0,0,0,K,D
56,22,0.02139,15.487,20,27,0,0,0,0,N,Q
61,25,0.020999,13.268,89,70,0,0,0,0,V,P
28,18,0.020902,9.7543,18,21,0,0,0,0,Q,K
28,13,0.020738,9.2786,18,26,0,0,0,0,Q,V
43,17,0.020681,11.605,48,43,0,0,0,0,R,K
55,44,0.020643,19.246,36,32,0,0,0,0,D,I
15,9,0.020531,6.8204,35,70,0,0,0,0,E,V
43,33,0.020508,13.678,48,49,0,0,0,0,R,P
50,12,0.020161,8.0701,50,24,0,0,0,0,F,S
64,52,0.020008,17.889,80,68,0,0,0,0,G,D
33,13,0.019872,7.86,49,26,0,0,0,0,P,V
56,12,0.019527,1.9631,20,24,0,0,0,0,N,S
48,31,0.018463,4.7905,64,51,0,0,0,0,R,V
52,25,0.018423,21.738,68,70,0,0,0,0,D,P
50,17,0.018305,8.5027,50,43,0,0,0,0,F,K
62,4,0.018305,1.9194,20,59,0,0,0,0,R,E
61,27,0.018197,8.3806,89,46,0,0,0,0,V,A
49,35,0.018041,7.5706,47,78,0,0,0,0,L,G
50,26,0.017999,15.591,50,40,0,0,0,0,F,E
30,2,0.017947,13.407,22,81,0,0,0,0,I,K
26,3,0.017945,7.9174,40,34,0,0,0,0,E,T
53,22,0.017556,21.874,16,27,0,0,0,0,K,Q
53,35,0.017253,3.8126,16,78,0,0,0,0,K,G
43,3,0.017222,7.8723,48,34,0,0,0,0,R,T
53,34,0.017208,1.8328,16,26,0,0,0,0,K,V
56,3,0.016592,16.115,20,34,0,0,0,0,N,T
59,33,0.016515,7.5222,25,49,0,0,0,0,Q,P
27,3,0.016358,7.1442,46,34,0,0,0,0,A,T
63,5,0.016344,1.8078,42,93,0,0,0,0,V,W
60,38,0.016131,9.319,32,68,0,0,0,0,V,V
30,3,0.016007,11.991,22,34,0,0,0,0,I,T
43,22,0.015891,14.572,48,27,0,0,0,0,R,Q
28,12,0.015886,13.651,18,24,0,0,0,0,Q,S
61,9,0.015857,2.7831,89,70,0,0,0,0,V,V
49,9,0.015799,6.2714,47,70,0,0,0,0,L,V
48,27,0.015085,6.6394,64,46,0,0,0,0,R,A
54,26,0.01452,22.504,16,40,0,0,0,0,L,E
31,16,0.01439,6.6826,51,93,0,0,0,0,V,A
37,22,0.014342,22.971,33,27,0,0,0,0,I,Q
50,15,0.014236,11.729,50,35,0,0,0,0,F,E
56,37,0.014173,12.587,20,33,0,0,0,0,N,I
64,9,0.014172,14.893,80,70,0,0,0,0,G,V
62,34,0.014163,8.0676,20,26,0,0,0,0,R,V
48,13,0.01385,7.0551,64,26,0,0,0,0,R,V
22,15,0.013312,6.7364,27,35,999,0,0,0,Q,E
37,4,0.013199,13.773,33,59,0,0,0,0,I,E
46,8,0.012979,9.8529,95,66,0,0,0,0,R,L
42,7,0.012862,15.876,45,89,0,0,0,0,Y,E
43,13,0.012596,13.79,48,26,0,0,0,0,R,V
51,19,0.01258,10.309,63,24,0,0,0,0,V,V
51,34,0.012474,1.7122,63,26,0,0,0,0,V,V
38,28,0.012368,11.398,68,18,0,0,0,0,V,Q
39,19,0.012205,20.173,61,24,0,0,0,0,T,V
49,16,0.011354,2.1613,47,93,0,0,0,0,L,A
58,46,0.011348,14.093,34,95,0,0,0,0,A,R
14,4,0.011202,13.669,36,59,0,0,0,0,E,E
27,2,0.01119,7.2754,46,81,0,0,0,0,A,K
44,2,0.011044,6.8891,32,81,0,0,0,0,I,K
49,8,0.010817,4.1042,47,66,0,0,0,0,L,L
57,4,0.010617,7.5242,81,59,0,0,0,0,I,E
20,3,0.010503,6.2746,93,34,0,0,0,0,I,T
60,27,0.010486,11.997,32,46,0,0,0,0,V,A
52,20,0.010457,11.734,68,93,0,0,0,0,D,I
37,11,0.0098672,16.235,33,21,0,0,0,0,I,K
55,22,0.0098409,14.991,36,27,0,0,0,0,D,Q
43,31,0.0097328,10.878,48,51,0,0,0,0,R,V
32,12,0.0092826,9.156,43,24,0,0,0,0,L,S
53,27,0.009275,20.179,16,46,0,0,0,0,K,A
51,4,0.0086262,11.768,63,59,0,0,0,0,V,E
55,21,0.008605,12.394,36,28,0,0,0,0,D,L
54,48,0.0079755,13.813,16,64,999,0,0,0,L,R
38,8,0.0078516,13.498,68,66,0,0,0,0,V,L
21,3,0.0077483,9.9421,28,34,0,0,0,0,L,T
36,26,0.0074267,20.12,36,40,0,0,0,0,T,E
46,31,0.0073961,5.885,95,51,0,0,0,0,R,V
63,25,0.0068327,8.9493,42,70,0,0,0,0,V,P
52,16,0.0066685,9.0183,68,93,0,0,0,0,D,A
44,17,0.0062628,11.306,32,43,0,0,0,0,I,K
56,9,0.0060249,5.9977,20,70,0,0,0,0,N,V
50,29,0.0058477,7.2026,50,34,0,0,0,0,F,I
43,30,0.0057835,7.1723,48,22,0,0,0,0,R,I
46,9,0.0057258,14.367,95,70,0,0,0,0,R,V
33,18,0.0055884,15.605,49,21,0,0,0,0,P,K
46,38,0.0051973,5.5363,95,68,0,0,0,0,R,V
37,2,0.0051412,18.612,33,81,0,0,0,0,I,K
29,12,0.0051339,8.2994,34,24,0,0,0,0,I,S
36,3,0.0048335,15.551,36,34,0,0,0,0,T,T
33,26,0.0047432,19.06,49,40,999,0,0,0,P,E
33,19,0.0046356,16.552,49,24,0,0,0,0,P,V
56,4,0.0046263,13.094,20,59,0,0,0,0,N,E
63,39,0.0045678,7.2957,42,61,0,0,0,0,V,T
46,23,0.0044943,9.8996,95,45,0,0,0,0,R,D
39,15,0.0044427,21.42,61,35,0,0,0,0,T,E
52,26,0.0040291,20.994,68,40,0,0,0,0,D,E
64,8,0.003811,11.634,80,66,0,0,0,0,G,L
60,3,0.003696,6.7527,32,34,0,0,0,0,V,T
53,43,0.003204,19.525,16,48,0,0,0,0,K,R
36,2,0.0028591,19.648,36,81,0,0,0,0,T,K
24,18,0.0026722,6.4707,36,21,999,0,0,0,K,K
29,23,0.0026218,6.3469,34,45,0,0,0,0,I,D
34,22,0.0026201,18.882,26,27,0,0,0,0,V,Q
41,2,0.0025243,13.078,64,81,0,0,0,0,E,K
59,44,0.0024721,12.998,25,32,0,0,0,0,Q,I
42,33,0.0023682,17.186,45,49,0,0,0,0,Y,P
40,22,0.0021945,22.948,20,27,0,0,0,0,M,Q
60,35,0.0016248,9.4393,32,78,0,0,0,0,V,G
42,24,0.0015542,6.3612,45,36,0,0,0,0,Y,K
40,18,0.0014693,22.922,20,21,0,0,0,0,M,K
35,6,0.001218,14.773,78,91,0,0,0,0,G,P
40,19,0.00096272,21.529,20,24,0,0,0,0,M,V
62,36,0.00077655,10.513,20,36,0,0,0,0,R,T
58,25,0.00049393,20.816,34,70,0,0,0,0,A,P
33,17,4.9605e-07,9.4713,49,43,0,0,0,0,P,K
64,24,-0.00023806,4.8805,80,36,0,0,0,0,G,K
19,7,-0.0005436,2.7779,24,89,0,0,0,0,V,E
56,15,-0.00070131,6.2658,20,35,0,0,0,0,N,E
32,18,-0.00093443,12.278,43,21,0,0,0,0,L,K
25,8,-0.00094263,10.408,70,66,0,0,0,0,P,L
38,13,-0.0011597,11.988,68,26,0,0,0,0,V,V
55,47,-0.0013834,10.967,36,95,0,0,0,0,D,V
41,29,-0.0014414,9.7507,64,34,0,0,0,0,E,I
47,25,-0.0014746,7.9997,95,70,0,0,0,0,V,P
32,17,-0.00158,6.2341,43,43,0,0,0,0,L,K
55,34,-0.0017713,6.1215,36,26,0,0,0,0,D,V
55,33,-0.0020069,5.4105,36,49,0,0,0,0,D,P
51,28,-0.0023543,11.591,63,18,0,0,0,0,V,Q
56,42,-0.0024139,21.445,20,45,0,0,0,0,N,Y
14,3,-0.0025486,15.633,36,34,0,0,0,0,E,T
40,15,-0.0026056,23.307,20,35,0,0,0,0,M,E
59,21,-0.0028327,14.018,25,28,0,0,0,0,Q,L
64,55,-0.0035838,18.192,80,36,0,0,0,0,G,D
38,17,-0.0036044,12.131,68,43,0,0,0,0,V,K
39,32,-0.0036152,5.841,61,43,0,0,0,0,T,L
56,48,-0.0041151,10.218,20,64,0,0,0,0,N,R
42,35,-0.0041702,17.526,45,78,0,0,0,0,Y,G
58,17,-0.0041744,10.886,34,43,0,0,0,0,A,K
47,13,-0.0044569,6.6156,95,26,0,0,0,0,V,V
30,19,-0.004773,11.781,22,24,0,0,0,0,I,V
24,5,-0.005179,2.9088,36,93,0,0,0,0,K,W
35,7,-0.0053943,17.532,78,89,0,0,0,0,G,E
49,31,-0.0054642,2.0005,47,51,0,0,0,0,L,V
63,46,-0.0054865,2.2497,42,95,0,0,0,0,V,R
45,8,-0.0055977,12.681,33,66,0,0,0,0,D,L
52,30,-0.005758,10.844,68,22,0,0,0,0,D,I
64,43,-0.0057655,2.7181,80,48,0,0,0,0,G,R
40,25,-0.005871,21.258,20,70,0,0,0,0,M,P
50,2,-0.0061507,12.407,50,81,0,0,0,0,F,K
39,5,-0.0061574,12.678,61,93,0,0,0,0,T,W
42,11,-0.0062528,21,45,21,0,0,0,0,Y,K
59,10,-0.0062701,5.6265,25,93,0,0,0,0,Q,G
55,38,-0.0065342,13.273,36,68,0,0,0,0,D,V
57,39,-0.0065715,15.525,81,61,0,0,0,0,I,T
63,26,-0.0066148,5.9076,42,40,0,0,0,0,V,E
60,31,-0.006771,10.076,32,51,0,0,0,0,V,V
60,11,-0.0069591,7.4775,32,21,0,0,0,0,V,K
60,37,-0.0071389,9.5349,32,33,0,0,0,0,V,I
28,20,-0.0072695,6.5179,18,93,0,0,0,0,Q,I
57,9,-0.0073164,2.3053,81,70,0,0,0,0,I,V
24,12,-0.0076004,14.06,36,24,999,0,0,0,K,S
17,4,-0.0077227,10.609,43,59,0,0,0,0,K,E
53,46,-0.0077944,16.006,16,95,999,0,0,0,K,R
63,31,-0.0078826,9.9105,42,51,0,0,0,0,V,V
60,8,-0.0080455,4.62,32,66,0,0,0,0,V,L
31,21,-0.0081306,9.9495,51,28,0,0,0,0,V,L
29,7,-0.0082456,9.5481,34,89,0,0,0,0,I,E
25,3,-0.0085588,10.041,70,34,0,0,0,0,P,T
41,21,-0.0085857,14.805,64,28,0,0,0,0,E,L
49,11,-0.0086505,5.3665,47,21,0,0,0,0,L,K
21,4,-0.0090978,9.5096,28,59,0,0,0,0,L,E
58,26,-0.009204,20.282,34,40,0,0,0,0,A,E
63,34,-0.009234,12.642,42,26,0,0,0,0,V,V
33,4,-0.0093102,15.861,49,59,0,0,0,0,P,E
34,17,-0.0093173,11.172,26,43,0,0,0,0,V,K
37,26,-0.0093602,20.786,33,40,0,0,0,0,I,E
50,30,-0.010255,6.0608,50,22,0,0,0,0,F,I
47,32,-0.010294,6.4032,95,43,0,0,0,0,V,L
54,2,-0.010312,19.429,16,81,0,0,0,0,L,K
59,25,-0.01041,18.582,25,70,0,0,0,0,Q,P
44,23,-0.010613,9.1925,32,45,0,0,0,0,I,D
51,40,-0.010952,13.871,63,20,0,0,0,0,V,M
19,5,-0.010977,2.7138,24,93,0,0,0,0,V,W
63,9,-0.011053,11.628,42,70,0,0,0,0,V,V
51,35,-0.011315,5.54,63,78,0,0,0,0,V,G
26,15,-0.011443,13.6,40,35,0,0,0,0,E,E
39,16,-0.011601,17.236,61,93,0,0,0,0,T,A
25,6,-0.011687,13.027,70,91,0,0,0,0,P,P
60,14,-0.012006,12.816,32,36,0,0,0,0,V,E
44,36,-0.012223,15.785,32,36,0,0,0,0,I,T
52,43,-0.012347,18.297,68,48,0,0,0,0,D,R
28,3,-0.012613,10.459,18,34,0,0,0,0,Q,T
10,4,-0.012796,10.631,93,59,0,0,0,0,G,E
60,12,-0.012813,10.081,32,24,0,0,0,0,V,S
49,18,-0.01299,6.4066,47,21,0,0,0,0,L,K
48,16,-0.013009,7.4256,64,93,0,0,0,0,R,A
62,55,-0.013219,12.185,20,36,0,0,0,0,R,D
55,12,-0.013335,2.0691,36,24,0,0,0,0,D,S
46,18,-0.01342,11.183,95,21,0,0,0,0,R,K
23,11,-0.013725,8.9494,45,21,999,0,0,0,D,K
34,11,-0.013727,9.0284,26,21,0,0,0,0,V,K
30,11,-0.01383,11.874,22,21,0,0,0,0,I,K
57,13,-0.013869,2.8204,81,26,0,0,0,0,I,V
53,6,-0.01388,15.991,16,91,0,0,0,0,K,P
63,6,-0.014064,8.0611,42,91,0,0,0,0,V,P
58,7,-0.014387,10.881,34,89,0,0,0,0,A,E
51,15,-0.014403,7.9756,63,35,0,0,0,0,V,E
39,6,-0.01469,16.665,61,91,0,0,0,0,T,P
57,45,-0.014876,14.353,81,33,0,0,0,0,I,D
54,37,-0.015036,14.221,16,33,0,0,0,0,L,I
30,9,-0.01525,13.081,22,70,0,0,0,0,I,V
50,3,-0.015427,9.9881,50,34,0,0,0,0,F,T
38,10,-0.015891,16.232,68,93,0,0,0,0,V,G
35,5,-0.016158,14.318,78,93,0,0,0,0,G,W
40,17,-0.01638,18.219,20,43,0,0,0,0,M,K
59,26,-0.016497,17.201,25,40,0,0,0,0,Q,E
35,16,-0.017125,14.327,78,93,0,0,0,0,G,A
18,3,-0.017136,12.978,21,34,0,0,0,0,K,T
49,15,-0.017177,6.0671,47,35,0,0,0,0,L,E
32,24,-0.017398,13.089,43,36,0,0,0,0,L,K
41,32,-0.017699,6.324,64,43,0,0,0,0,E,L
23,13,-0.017821,11.028,45,26,999,0,0,0,D,V
38,15,-0.018173,18.042,68,35,0,0,0,0,V,E
36,18,-0.018224,18.728,36,21,0,0,0,0,T,K
44,35,-0.018698,18.275,32,78,0,0,0,0,I,G
60,50,-0.019116,4.9545,32,50,0,0,0,0,V,F
64,29,-0.019162,8.2371,80,34,0,0,0,0,G,I
51,24,-0.019186,14.543,63,36,0,0,0,0,V,K
26,19,-0.019401,9.0684,40,24,0,0,0,0,E,V
50,7,-0.019663,11.612,50,89,0,0,0,0,F,E
43,26,-0.019812,7.3754,48,40,0,0,0,0,R,E
55,25,-0.019814,18.173,36,70,0,0,0,0,D,P
58,32,-0.020003,6.3858,34,43,0,0,0,0,A,L
29,8,-0.020105,5.6637,34,66,0,0,0,0,I,L
61,39,-0.020267,11.386,89,61,0,0,0,0,V,T
24,17,-0.020422,6.4794,36,43,999,0,0,0,K,K
62,22,-0.020571,12.022,20,27,0,0,0,0,R,Q
37,13,-0.020581,14.125,33,26,0,0,0,0,I,V
24,6,-0.020665,10.453,36,91,0,0,0,0,K,P
41,12,-0.020702,19.053,64,24,0,0,0,0,E,S
50,6,-0.021039,9.4592,50,91,0,0,0,0,F,P
51,25,-0.021088,17.258,63,70,0,0,0,0,V,P
29,5,-0.021177,5.5734,34,93,0,0,0,0,I,W
50,34,-0.021275,1.8762,50,26,0,0,0,0,F,V
59,14,-0.021452,12.066,25,36,0,0,0,0,Q,E
59,9,-0.021513,3.6711,25,70,0,0,0,0,Q,V
53,41,-0.021567,17.406,16,64,0,0,0,0,K,E
58,12,-0.02185,6.2773,34,24,0,0,0,0,A,S
57,24,-0.021936,12.699,81,36,0,0,0,0,I,K
37,20,-0.021989,15.45,33,93,0,0,0,0,I,I
41,5,-0.022011,11.102,64,93,0,0,0,0,E,W
60,10,-0.022083,5.9107,32,93,0,0,0,0,V,G
58,2,-0.022178,14.341,34,81,0,0,0,0,A,K
35,25,-0.022273,24.089,78,70,0,0,0,0,G,P
28,15,-0.022274,12.678,18,35,0,0,0,0,Q,E
13,6,-0.022275,11.17,26,91,0,0,0,0,V,P
47,23,-0.022465,5.7057,95,45,0,0,0,0,V,D
48,32,-0.022573,2.9411,64,43,0,0,0,0,R,L
45,27,-0.022684,3.3015,33,46,0,0,0,0,D,A
61,23,-0.022716,8.8588,89,45,0,0,0,0,V,D
58,4,-0.022738,10.649,34,59,0,0,0,0,A,E
15,2,-0.022964,9.674,35,81,0,0,0,0,E,K
22,11,-0.022981,8.1818,27,21,999,0,0,0,Q,K
29,4,-0.022994,9.0336,34,59,0,0,0,0,I,E
41,9,-0.023006,17.916,64,70,0,0,0,0,E,V
57,25,-0.023143,15.345,81,70,0,0,0,0,I,P
60,15,-0.023188,11.254,32,35,0,0,0,0,V,E
42,34,-0.023294,17.589,45,26,0,0,0,0,Y,V
43,35,-0.023443,15.314,48,78,0,0,0,0,R,G
52,39,-0.023522,15.927,68,61,0,0,0,0,D,T
62,29,-0.023553,6.0858,20,34,0,0,0,0,R,I
62,50,-0.023953,4.5965,20,50,0,0,0,0,R,F
62,53,-0.02428,13.786,20,16,0,0,0,0,R,K
63,11,-0.024294,13.805,42,21,0,0,0,0,V,K
57,36,-0.024518,11.196,81,36,0,0,0,0,I,T
58,43,-0.02463,17.778,34,48,0,0,0,0,A,R
25,17,-0.024876,7.196,70,43,999,0,0,0,P,K
49,17,-0.025554,3.3437,47,43,0,0,0,0,L,K
48,22,-0.025648,12.641,64,27,0,0,0,0,R,Q
42,6,-0.02578,14.577,45,91,0,0,0,0,Y,P
32,23,-0.025994,16.057,43,45,0,0,0,0,L,D
55,10,-0.026323,7.2695,36,93,0,0,0,0,D,G
64,27,-0.026587,7.8538,80,46,0,0,0,0,G,A
59,42,-0.02698,12.742,25,45,0,0,0,0,Q,Y
63,51,-0.026991,11.365,42,63,0,0,0,0,V,V
56,38,-0.02717,13.407,20,68,0,0,0,0,N,V
46,3,-0.027216,6.6244,95,34,0,0,0,0,R,T
56,44,-0.027782,19.836,20,32,0,0,0,0,N,I
54,15,-0.027896,9.1567,16,35,0,0,0,0,L,E
38,25,-0.027914,19.396,68,70,0,0,0,0,V,P
64,15,-0.028111,16.538,80,35,0,0,0,0,G,E
48,34,-0.02815,7.238,64,26,0,0,0,0,R,V
58,52,-0.028585,2.0798,34,68,0,0,0,0,A,D
54,3,-0.028639,20.632,16,34,0,0,0,0,L,T
27,17,-0.028874,5.3771,46,43,0,0,0,0,A,K
31,20,-0.028958,7.7729,51,93,0,0,0,0,V,I
59,4,-0.029023,6.7728,25,59,0,0,0,0,Q,E
35,18,-0.029147,18.933,78,21,0,0,0,0,G,K
58,44,-0.029166,18.948,34,32,0,0,0,0,A,I
50,20,-0.02932,7.8215,50,93,0,0,0,0,F,I
37,17,-0.029413,15.37,33,43,0,0,0,0,I,K
58,3,-0.029448,14.276,34,34,0,0,0,0,A,T
63,57,-0.029523,10.445,42,81,999,0,0,0,V,I
53,21,-0.029633,19.473,16,28,0,0,0,0,K,L
46,29,-0.029868,2.4835,95,34,0,0,0,0,R,I
52,40,-0.030106,17.082,68,20,0,0,0,0,D,M
54,44,-0.030528,22.837,16,32,0,0,0,0,L,I
58,49,-0.030618,5.2964,34,47,0,0,0,0,A,L
52,4,-0.030732,14.463,68,59,0,0,0,0,D,E
56,39,-0.030892,17.364,20,61,0,0,0,0,N,T
63,52,-0.03104,15.662,42,68,0,0,0,0,V,D
56,26,-0.031241,19.822,20,40,0,0,0,0,N,E
51,43,-0.031298,13.975,63,48,999,0,0,0,V,R
54,14,-0.03143,7.9932,16,36,0,0,0,0,L,E
36,4,-0.031461,15.433,36,59,0,0,0,0,T,E
44,10,-0.031501,20.401,32,93,0,0,0,0,I,G
55,5,-0.031514,11.572,36,93,0,0,0,0,D,W
55,26,-0.031614,18.178,36,40,0,0,0,0,D,E
59,13,-0.031708,8.5942,25,26,0,0,0,0,Q,V
52,12,-0.031909,5.7721,68,24,0,0,0,0,D,S
52,6,-0.032448,12.463,68,91,0,0,0,0,D,P
32,13,-0.032538,4.9626,43,26,0,0,0,0,L,V
57,48,-0.033208,6.8881,81,64,0,0,0,0,I,R
56,25,-0.033476,19.769,20,70,0,0,0,0,N,P
63,27,-0.033703,4.7034,42,46,0,0,0,0,V,A
50,9,-0.033936,7.0643,50,70,0,0,0,0,F,V
55,6,-0.03413,12.718,36,91,0,0,0,0,D,P
64,39,-0.034255,6.6487,80,61,0,0,0,0,G,T
29,16,-0.034285,4.474,34,93,0,0,0,0,I,A
24,10,-0.034459,17.061,36,93,0,0,0,0,K,G
59,27,-0.03447,13.308,25,46,0,0,0,0,Q,A
33,27,-0.034519,15.889,49,46,999,0,0,0,P,A
61,51,-0.034718,4.769,89,63,0,0,0,0,V,V
48,5,-0.034741,5.5106,64,93,0,0,0,0,R,W
18,8,-0.034968,5.7684,21,66,0,0,0,0,K,L
27,10,-0.035019,16.572,46,93,0,0,0,0,A,G
55,24,-0.035042,17.411,36,36,0,0,0,0,D,K
60,44,-0.0351,13.29,32,32,0,0,0,0,V,I
44,21,-0.035892,8.2668,32,28,0,0,0,0,I,L
52,22,-0.036473,18.236,68,27,0,0,0,0,D,Q
40,24,-0.036829,14.04,20,36,0,0,0,0,M,K
41,31,-0.036931,10.48,64,51,0,0,0,0,E,V
46,19,-0.037374,11.109,95,24,0,0,0,0,R,V
60,47,-0.037577,6.5078,32,95,0,0,0,0,V,V
48,2,-0.037736,9.5986,64,81,0,0,0,0,R,K
62,38,-0.037754,6.9763,20,68,0,0,0,0,R,V
50,27,-0.03778,11.379,50,46,0,0,0,0,F,A
59,19,-0.038077,11.022,25,24,0,0,0,0,Q,V
43,34,-0.038164,15.132,48,26,0,0,0,0,R,V
60,46,-0.038283,10.721,32,95,0,0,0,0,V,R
42,2,-0.038301,8.0459,45,81,0,0,0,0,Y,K
32,20,-0.039063,9.2345,43,93,0,0,0,0,L,I
34,4,-0.039163,12.083,26,59,0,0,0,0,V,E
22,16,-0.039528,5.3181,27,93,999,0,0,0,Q,A
49,24,-0.039654,10.036,47,36,0,0,0,0,L,K
62,39,-0.039712,7.8004,20,61,0,0,0,0,R,T
29,14,-0.039719,6.6408,34,36,0,0,0,0,I,E
18,7,-0.040097,8.5729,21,89,0,0,0,0,K,E
39,26,-0.040135,15.545,61,40,0,0,0,0,T,E
57,41,-0.04019,15.512,81,64,0,0,0,0,I,E
59,35,-0.0405,5.1208,25,78,0,0,0,0,Q,G
54,40,-0.040675,20.844,16,20,0,0,0,0,L,M
39,17,-0.040692,15.079,61,43,0,0,0,0,T,K
45,38,-0.040737,10.758,33,68,0,0,0,0,D,V
51,2,-0.040941,13.471,63,81,0,0,0,0,V,K
58,38,-0.040943,11.295,34,68,0,0,0,0,A,V
30,22,-0.04136,12.39,22,27,0,0,0,0,I,Q
26,5,-0.041448,7.2239,40,93,0,0,0,0,E,W
45,18,-0.041688,12.311,33,21,0,0,0,0,D,K
26,4,-0.041777,10.734,40,59,0,0,0,0,E,E
25,11,-0.04194,14.181,70,21,0,0,0,0,P,K
52,23,-0.041975,18.166,68,45,0,0,0,0,D,D
42,16,-0.042035,16.69,45,93,0,0,0,0,Y,A
60,29,-0.042053,10.118,32,34,0,0,0,0,V,I
51,41,-0.042299,12.859,63,64,0,0,0,0,V,E
42,18,-0.043151,18.052,45,21,0,0,0,0,Y,K
57,34,-0.04343,4.9497,81,26,0,0,0,0,I,V
51,10,-0.043985,6.9541,63,93,0,0,0,0,V,G
61,24,-0.04399,9.5543,89,36,0,0,0,0,V,K
61,12,-0.04406,7.5065,89,24,0,0,0,0,V,S
47,24,-0.044155,3.4146,95,36,0,0,0,0,V,K
45,16,-0.044301,11.871,33,93,0,0,0,0,D,A
50,10,-0.044419,7.636,50,93,0,0,0,0,F,G
42,27,-0.044514,9.4367,45,46,0,0,0,0,Y,A
54,27,-0.04459,18.852,16,46,0,0,0,0,L,A
59,32,-0.044705,6.7365,25,43,0,0,0,0,Q,L
61,42,-0.044842,12.171,89,45,0,0,0,0,V,Y
23,4,-0.04504,5.2778,45,59,0,0,0,0,D,E
49,43,-0.045136,8.994,47,48,999,0,0,0,L,R
57,42,-0.045601,17.623,81,45,0,0,0,0,I,Y
23,12,-0.04581,12.729,45,24,999,0,0,0,D,S
61,41,-0.045865,11.273,89,64,0,0,0,0,V,E
53,44,-0.046043,22.435,16,32,999,0,0,0,K,I
13,4,-0.046449,12.402,26,59,0,0,0,0,V,E
26,8,-0.046701,12.338,40,66,0,0,0,0,E,L
39,9,-0.046706,17.651,61,70,0,0,0,0,T,V
56,47,-0.046806,11.459,20,95,0,0,0,0,N,V
24,7,-0.046851,9.1532,36,89,0,0,0,0,K,E
55,19,-0.047138,10.895,36,24,0,0,0,0,D,V
13,7,-0.04734,10.516,26,89,0,0,0,0,V,E
15,5,-0.047487,7.5193,35,93,0,0,0,0,E,W
56,33,-0.047541,6.9453,20,49,0,0,0,0,N,P
40,31,-0.047548,14.098,20,51,0,0,0,0,M,V
53,3,-0.047584,19.659,16,34,0,0,0,0,K,T
17,10,-0.047617,10.426,43,93,0,0,0,0,K,G
12,3,-0.047666,16.066,24,34,0,0,0,0,S,T
43,19,-0.047781,14.533,48,24,0,0,0,0,R,V
51,27,-0.047803,12.164,63,46,0,0,0,0,V,A
41,26,-0.047899,12.51,64,40,0,0,0,0,E,E
53,25,-0.047976,24.967,16,70,0,0,0,0,K,P
31,10,-0.048205,11.054,51,93,0,0,0,0,V,G
61,35,-0.048445,9.4025,89,78,0,0,0,0,V,G
53,9,-0.048778,11.276,16,70,0,0,0,0,K,V
36,9,-0.0488,14.566,36,70,0,0,0,0,T,V
30,7,-0.0488,14.122,22,89,0,0,0,0,I,E
37,9,-0.049161,13.993,33,70,0,0,0,0,I,V
51,14,-0.049323,6.2429,63,36,0,0,0,0,V,E
45,22,-0.049454,11.795,33,27,0,0,0,0,D,Q
58,23,-0.049598,15.894,34,45,0,0,0,0,A,D
11,5,-0.049741,6.5914,21,93,0,0,0,0,K,W
53,32,-0.049798,7.1075,16,43,0,0,0,0,K,L
62,17,-0.049806,9.37,20,43,0,0,0,0,R,K
55,7,-0.049837,12.816,36,89,0,0,0,0,D,E
57,8,-0.050046,2.5151,81,66,0,0,0,0,I,L
38,29,-0.050179,10.046,68,34,0,0,0,0,V,I
39,12,-0.050208,19.597,61,24,0,0,0,0,T,S
37,3,-0.050325,14.084,33,34,0,0,0,0,I,T
52,29,-0.050609,11.655,68,34,0,0,0,0,D,I
45,4,-0.050732,11.56,33,59,0,0,0,0,D,E
39,3,-0.050907,11.212,61,34,0,0,0,0,T,T
41,14,-0.051175,17.951,64,36,0,0,0,0,E,E
32,3,-0.051452,12.739,43,34,0,0,0,0,L,T
50,43,-0.051453,8.9748,50,48,999,0,0,0,F,R
25,9,-0.051521,16.327,70,70,0,0,0,0,P,V
17,3,-0.051595,11.577,43,34,0,0,0,0,K,T
53,13,-0.052006,8.8862,16,26,0,0,0,0,K,V
56,43,-0.052114,18.708,20,48,0,0,0,0,N,R
62,12,-0.052148,12.04,20,24,0,0,0,0,R,S
60,25,-0.052178,15.683,32,70,0,0,0,0,V,P
64,33,-0.052305,15.674,80,49,0,0,0,0,G,P
42,10,-0.052713,22.283,45,93,0,0,0,0,Y,G
36,15,-0.053248,17.734,36,35,0,0,0,0,T,E
59,6,-0.053436,5.9811,25,91,0,0,0,0,Q,P
46,39,-0.05349,3.8215,95,61,0,0,0,0,R,T
41,30,-0.053505,8.0454,64,22,0,0,0,0,E,I
25,12,-0.053614,15.614,70,24,0,0,0,0,P,S
53,47,-0.05369,14.822,16,95,999,0,0,0,K,V
51,3,-0.053901,13.415,63,34,0,0,0,0,V,T
50,42,-0.053957,11.498,50,45,0,0,0,0,F,Y
49,2,-0.054329,9.9555,47,81,0,0,0,0,L,K
43,11,-0.054354,18.702,48,21,0,0,0,0,R,K
47,9,-0.054382,9.2815,95,70,0,0,0,0,V,V
53,31,-0.054436,7.6563,16,51,0,0,0,0,K,V
34,9,-0.054479,7.7695,26,70,0,0,0,0,V,V
46,25,-0.054735,9.0453,95,70,0,0,0,0,R,P
38,21,-0.054747,15.876,68,28,0,0,0,0,V,L
31,15,-0.054999,8.9397,51,35,0,0,0,0,V,E
48,20,-0.055043,5.7725,64,93,0,0,0,0,R,I
44,14,-0.055077,15.848,32,36,0,0,0,0,I,E
48,37,-0.055081,5.4431,64,33,0,0,0,0,R,I
55,43,-0.055102,18.272,36,48,0,0,0,0,D,R
48,10,-0.055198,11.587,64,93,0,0,0,0,R,G
33,8,-0.055322,12.68,49,66,0,0,0,0,P,L
55,39,-0.05536,17.192,36,61,0,0,0,0,D,T
41,33,-0.055465,11.791,64,49,0,0,0,0,E,P
51,7,-0.055572,11.272,63,89,0,0,0,0,V,E
31,19,-0.055583,11.382,51,24,0,0,0,0,V,V
42,26,-0.055638,8.0513,45,40,0,0,0,0,Y,E
48,25,-0.055685,12.805,64,70,0,0,0,0,R,P
18,10,-0.055705,11.31,21,93,0,0,0,0,K,G
64,38,-0.055737,8.3278,80,68,0,0,0,0,G,V
41,13,-0.055739,14.529,64,26,0,0,0,0,E,V
22,7,-0.05588,6.0262,27,89,0,0,0,0,Q,E
31,8,-0.055908,8.9873,51,66,0,0,0,0,V,L
53,29,-0.05597,14.396,16,34,0,0,0,0,K,I
63,7,-0.055972,9.2241,42,89,0,0,0,0,V,E
33,16,-0.05615,11.425,49,93,0,0,0,0,P,A
32,8,-0.056386,10.149,43,66,0,0,0,0,L,L
63,2,-0.056672,3.7498,42,81,0,0,0,0,V,K
27,9,-0.056937,14.342,46,70,0,0,0,0,A,V
56,27,-0.057043,15.867,20,46,0,0,0,0,N,A
48,17,-0.057214,7.4508,64,43,0,0,0,0,R,K
21,5,-0.057466,5.2923,28,93,0,0,0,0,L,W
56,32,-0.057671,7.241,20,43,0,0,0,0,N,L
63,8,-0.057927,8.1212,42,66,0,0,0,0,V,L
35,13,-0.058101,11.834,78,26,0,0,0,0,G,V
30,13,-0.058169,5.2967,22,26,0,0,0,0,I,V
49,38,-0.05821,6.4091,47,68,0,0,0,0,L,V
56,29,-0.058269,10.863,20,34,0,0,0,0,N,I
48,12,-0.05838,11.125,64,24,0,0,0,0,R,S
17,6,-0.058426,11.069,43,91,0,0,0,0,K,P
48,4,-0.058503,6.8901,64,59,0,0,0,0,R,E
58,42,-0.058725,20.088,34,45,0,0,0,0,A,Y
62,10,-0.059411,10.211,20,93,0,0,0,0,R,G
44,29,-0.059432,6.8348,32,34,0,0,0,0,I,I
19,2,-0.059577,3.9042,24,81,0,0,0,0,V,K
39,33,-0.059862,10.495,61,49,0,0,0,0,T,P
44,12,-0.059893,17.824,32,24,0,0,0,0,I,S
55,48,-0.060208,10.608,36,64,0,0,0,0,D,R
35,23,-0.060283,20.92,78,45,0,0,0,0,G,D
40,13,-0.060718,17.82,20,26,0,0,0,0,M,V
20,13,-0.061131,5.5136,93,26,999,0,0,0,I,V
13,5,-0.061235,8.6535,26,93,0,0,0,0,V,W
37,25,-0.061237,23.794,33,70,0,0,0,0,I,P
26,7,-0.061446,14.432,40,89,0,0,0,0,E,E
43,32,-0.061637,7.9935,48,43,0,0,0,0,R,L
57,3,-0.061713,11.09,81,34,0,0,0,0,I,T
42,12,-0.061717,21.508,45,24,0,0,0,0,Y,S
39,4,-0.061968,12.695,61,59,0,0,0,0,T,E
48,21,-0.062032,9.5066,64,28,0,0,0,0,R,L
31,3,-0.062087,13.213,51,34,0,0,0,0,V,T
44,20,-0.062153,7.7143,32,93,0,0,0,0,I,I
55,20,-0.062205,9.9666,36,93,0,0,0,0,D,I
55,4,-0.062349,14.945,36,59,0,0,0,0,D,E
28,7,-0.062579,15.061,18,89,0,0,0,0,Q,E
55,46,-0.062645,13.27,36,95,999,0,0,0,D,R
31,22,-0.062745,13.863,51,27,0,0,0,0,V,Q
45,14,-0.062763,13.555,33,36,0,0,0,0,D,E
36,14,-0.062766,15.716,36,36,0,0,0,0,T,E
47,29,-0.062881,1.8319,95,34,0,0,0,0,V,I
63,43,-0.063011,3.4824,42,48,0,0,0,0,V,R
60,6,-0.06315,2.0675,32,91,0,0,0,0,V,P
52,19,-0.06343,13.767,68,24,0,0,0,0,D,V
44,4,-0.063475,8.0948,32,59,0,0,0,0,I,E
40,27,-0.063555,15.925,20,46,0,0,0,0,M,A
42,22,-0.06375,15.673,45,27,0,0,0,0,Y,Q
39,10,-0.063851,20.093,61,93,0,0,0,0,T,G
35,11,-0.064117,13.484,78,21,0,0,0,0,G,K
47,3,-0.064237,4.7596,95,34,0,0,0,0,V,T
45,15,-0.064354,14.924,33,35,0,0,0,0,D,E
12,4,-0.064356,13.483,24,59,0,0,0,0,S,E
39,18,-0.064803,20.601,61,21,0,0,0,0,T,K
52,8,-0.064819,9.5842,68,66,0,0,0,0,D,L
55,11,-0.065036,4.0646,36,21,0,0,0,0,D,K
56,31,-0.065089,6.4899,20,51,0,0,0,0,N,V
42,32,-0.065112,11.713,45,43,0,0,0,0,Y,L
34,25,-0.065127,21.555,26,70,0,0,0,0,V,P
35,28,-0.065161,16.866,78,18,999,0,0,0,G,Q
46,4,-0.065243,7.9517,95,59,0,0,0,0,R,E
46,24,-0.065483,3.8189,95,36,0,0,0,0,R,K
22,10,-0.065533,15.044,27,93,999,0,0,0,Q,G
51,8,-0.065639,6.4432,63,66,0,0,0,0,V,L
22,8,-0.065833,6.6223,27,66,0,0,0,0,Q,L
46,30,-0.065904,2.1625,95,22,0,0,0,0,R,I
23,17,-0.066119,5.7127,45,43,999,0,0,0,D,K
48,18,-0.066324,11.646,64,21,0,0,0,0,R,K
11,3,-0.066365,14.06,21,34,0,0,0,0,K,T
63,48,-0.066414,2.7702,42,64,0,0,0,0,V,R
27,19,-0.06648,6.708,46,24,0,0,0,0,A,V
56,46,-0.066648,14.663,20,95,0,0,0,0,N,R
18,2,-0.066654,8.6664,21,81,0,0,0,0,K,K
44,18,-0.066741,13.761,32,21,0,0,0,0,I,K
59,12,-0.066866,8.377,25,24,0,0,0,0,Q,S
63,32,-0.066953,8.1275,42,43,0,0,0,0,V,L
37,5,-0.067028,14.226,33,93,0,0,0,0,I,W
52,18,-0.067029,13.646,68,21,0,0,0,0,D,K
46,32,-0.067247,4.0471,95,43,0,0,0,0,R,L
47,21,-0.067306,5.3149,95,28,0,0,0,0,V,L
31,6,-0.06733,13.345,51,91,0,0,0,0,V,P
56,20,-0.067556,10.198,20,93,0,0,0,0,N,I
55,32,-0.067558,6.1725,36,43,0,0,0,0,D,L
59,17,-0.067611,11.168,25,43,0,0,0,0,Q,K
29,22,-0.067731,6.2481,34,27,0,0,0,0,I,Q
51,39,-0.068031,12.134,63,61,0,0,0,0,V,T
52,41,-0.068266,17.059,68,64,0,0,0,0,D,E
38,12,-0.068448,15.961,68,24,0,0,0,0,V,S
37,18,-0.068493,20.691,33,21,0,0,0,0,I,K
55,40,-0.068586,19.232,36,20,0,0,0,0,D,M
34,27,-0.06863,15.891,26,46,999,0,0,0,V,A
45,35,-0.06866,17.853,33,78,0,0,0,0,D,G
58,45,-0.068677,18.449,34,33,0,0,0,0,A,D
50,5,-0.068715,8.3247,50,93,0,0,0,0,F,W
56,13,-0.068871,3.4212,20,26,0,0,0,0,N,V
58,22,-0.068963,16.98,34,27,0,0,0,0,A,Q
31,5,-0.069204,10.603,51,93,0,0,0,0,V,W
40,4,-0.069233,12.961,20,59,0,0,0,0,M,E
43,25,-0.069506,11.886,48,70,0,0,0,0,R,P
63,40,-0.069518,8.4061,42,20,0,0,0,0,V,M
43,20,-0.069692,9.1364,48,93,0,0,0,0,R,I
63,30,-0.069743,7.5941,42,22,0,0,0,0,V,I
64,50,-0.069824,9.6161,80,50,0,0,0,0,G,F
58,47,-0.069862,10.617,34,95,0,0,0,0,A,V
60,2,-0.069888,6.9776,32,81,0,0,0,0,V,K
60,52,-0.069986,9.324,32,68,0,0,0,0,V,D
42,17,-0.070305,15.777,45,43,0,0,0,0,Y,K
26,6,-0.070355,15.52,40,91,0,0,0,0,E,P
32,19,-0.070605,13.366,43,24,0,0,0,0,L,V
56,16,-0.070679,6.2169,20,93,0,0,0,0,N,A
60,5,-0.07074,2.3716,32,93,0,0,0,0,V,W
50,37,-0.070757,4.0237,50,33,0,0,0,0,F,I
62,8,-0.070945,6.2992,20,66,0,0,0,0,R,L
33,9,-0.071064,12.326,49,70,0,0,0,0,P,V
33,24,-0.071078,18.111,49,36,999,0,0,0,P,K
43,4,-0.071091,10.526,48,59,0,0,0,0,R,E
26,13,-0.071302,13.219,40,26,999,0,0,0,E,V
14,6,-0.071346,13.022,36,91,0,0,0,0,E,P
46,27,-0.071421,3.7563,95,46,0,0,0,0,R,A
61,36,-0.072115,10.671,89,36,0,0,0,0,V,T
50,24,-0.072123,12.693,50,36,0,0,0,0,F,K
62,7,-0.072306,7.2575,20,89,0,0,0,0,R,E
54,10,-0.072506,7.8079,16,93,0,0,0,0,L,G
51,6,-0.072662,10.432,63,91,0,0,0,0,V,P
35,2,-0.072773,18.686,78,81,0,0,0,0,G,K
47,19,-0.073153,6.8716,95,24,0,0,0,0,V,V
58,6,-0.07327,8.6317,34,91,0,0,0,0,A,P
39,28,-0.073429,11.434,61,18,0,0,0,0,T,Q
36,13,-0.073659,11.247,36,26,0,0,0,0,T,V
57,31,-0.073678,5.7549,81,51,0,0,0,0,I,V
63,4,-0.073679,3.2642,42,59,0,0,0,0,V,E
50,19,-0.073688,12.114,50,24,0,0,0,0,F,V
38,7,-0.073728,16.94,68,89,0,0,0,0,V,E
53,18,-0.073761,16.931,16,21,0,0,0,0,K,K
51,5,-0.073767,8.8542,63,93,0,0,0,0,V,W
48,6,-0.07387,9.7274,64,91,0,0,0,0,R,P
19,10,-0.074043,8.9494,24,93,0,0,0,0,V,G
44,7,-0.074495,13.862,32,89,0,0,0,0,I,E
60,32,-0.074608,9.6072,32,43,0,0,0,0,V,L
43,8,-0.074833,13.368,48,66,0,0,0,0,R,L
34,16,-0.074955,10.542,26,93,0,0,0,0,V,A
40,29,-0.074965,15.3,20,34,0,0,0,0,M,I
29,2,-0.075113,8.5271,34,81,0,0,0,0,I,K
56,21,-0.075265,13.941,20,28,0,0,0,0,N,L
54,35,-0.07533,10.151,16,78,0,0,0,0,L,G
17,8,-0.075345,4.5651,43,66,0,0,0,0,K,L
46,21,-0.075422,6.4788,95,28,0,0,0,0,R,L
38,3,-0.075625,11.455,68,34,0,0,0,0,V,T
49,42,-0.075953,12.372,47,45,0,0,0,0,L,Y
33,20,-0.076004,12.987,49,93,0,0,0,0,P,I
18,4,-0.07601,11.328,21,59,0,0,0,0,K,E
17,5,-0.076144,6.8693,43,93,0,0,0,0,K,W
53,24,-0.076149,22.557,16,36,0,0,0,0,K,K
43,14,-0.076433,16.28,48,36,0,0,0,0,R,E
17,7,-0.076461,9.1383,43,89,0,0,0,0,K,E
15,6,-0.076497,9.8994,35,91,0,0,0,0,E,P
56,11,-0.076802,2.4,20,21,0,0,0,0,N,K
60,28,-0.076866,14.287,32,18,0,0,0,0,V,Q
27,4,-0.077246,8.5503,46,59,0,0,0,0,A,E
19,4,-0.077412,6.8194,24,59,0,0,0,0,V,E
23,15,-0.077426,8.3514,45,35,999,0,0,0,D,E
46,28,-0.077537,2.3054,95,18,0,0,0,0,R,Q
45,37,-0.077594,15.002,33,33,0,0,0,0,D,I
59,20,-0.077602,8.1159,25,93,0,0,0,0,Q,I
52,10,-0.077647,7.2447,68,93,0,0,0,0,D,G
21,10,-0.077807,14.516,28,93,0,0,0,0,L,G
38,27,-0.078047,13.308,68,46,0,0,0,0,V,A
36,17,-0.07816,12.571,36,43,0,0,0,0,T,K
22,2,-0.07833,5.788,27,81,0,0,0,0,Q,K
44,16,-0.078458,12.74,32,93,0,0,0,0,I,A
63,14,-0.078738,13.476,42,36,0,0,0,0,V,E
62,31,-0.078883,8.1101,20,51,0,0,0,0,R,V
46,40,-0.079034,7.5583,95,20,0,0,0,0,R,M
61,43,-0.079138,10.657,89,48,0,0,0,0,V,R
41,6,-0.079371,16.353,64,91,0,0,0,0,E,P
41,19,-0.079385,18.269,64,24,0,0,0,0,E,V
56,8,-0.079486,6.7095,20,66,0,0,0,0,N,L
33,11,-0.079813,10.675,49,21,0,0,0,0,P,K
60,42,-0.080463,14.157,32,45,0,0,0,0,V,Y
44,30,-0.080466,8.5874,32,22,0,0,0,0,I,I
52,45,-0.080919,18.933,68,33,999,0,0,0,D,D
38,26,-0.080943,16.117,68,40,0,0,0,0,V,E
11,2,-0.081579,8.8321,21,81,0,0,0,0,K,K
40,2,-0.081846,15.661,20,81,0,0,0,0,M,K
26,10,-0.081859,20.897,40,93,0,0,0,0,E,G
64,23,-0.082154,10.772,80,45,0,0,0,0,G,D
62,21,-0.082187,10.215,20,28,0,0,0,0,R,L
17,9,-0.082191,9.5153,43,70,0,0,0,0,K,V
59,16,-0.082413,7.9028,25,93,0,0,0,0,Q,A
63,38,-0.08265,7.0744,42,68,0,0,0,0,V,V
64,21,-0.082658,11.244,80,28,0,0,0,0,G,L
14,8,-0.082973,6.508,36,66,0,0,0,0,E,L
46,33,-0.082989,9.5515,95,49,0,0,0,0,R,P
42,9,-0.083028,18.897,45,70,0,0,0,0,Y,V
24,13,-0.083101,11.925,36,26,999,0,0,0,K,V
63,22,-0.083417,10.069,42,27,0,0,0,0,V,Q
41,28,-0.083437,9.4423,64,18,0,0,0,0,E,Q
48,9,-0.083441,9.4141,64,70,0,0,0,0,R,V
41,3,-0.083669,8.5376,64,34,0,0,0,0,E,T
50,16,-0.083838,8.1971,50,93,0,0,0,0,F,A
61,45,-0.08389,11.55,89,33,0,0,0,0,V,D
48,35,-0.084898,7.7507,64,78,0,0,0,0,R,G
36,19,-0.085111,19.199,36,24,0,0,0,0,T,V
43,15,-0.085125,17.108,48,35,0,0,0,0,R,E
54,47,-0.085217,14.436,16,95,999,0,0,0,L,V
29,9,-0.085223,11.083,34,70,0,0,0,0,I,V
62,19,-0.085319,9.5554,20,24,0,0,0,0,R,V
62,33,-0.085329,11.316,20,49,0,0,0,0,R,P
59,48,-0.085476,4.0865,25,64,0,0,0,0,Q,R
35,17,-0.085777,14.077,78,43,0,0,0,0,G,K
42,19,-0.085947,15.898,45,24,0,0,0,0,Y,V
38,20,-0.086114,12.208,68,93,0,0,0,0,V,I
32,6,-0.086193,13.94,43,91,0,0,0,0,L,P
63,17,-0.086293,9.1151,42,43,0,0,0,0,V,K
50,4,-0.086439,8.9786,50,59,0,0,0,0,F,E
37,15,-0.086544,20.142,33,35,0,0,0,0,I,E
34,24,-0.086641,17.598,26,36,0,0,0,0,V,K
47,22,-0.08672,7.8385,95,27,0,0,0,0,V,Q
49,23,-0.087174,9.9457,47,45,0,0,0,0,L,D
42,29,-0.08743,11.222,45,34,0,0,0,0,Y,I
38,23,-0.087514,17.614,68,45,0,0,0,0,V,D
63,36,-0.087534,11.742,42,36,0,0,0,0,V,T
35,24,-0.087836,19.149,78,36,0,0,0,0,G,K
55,2,-0.08792,15.905,36,81,0,0,0,0,D,K
30,5,-0.088091,9.6334,22,93,0,0,0,0,I,W
63,18,-0.088491,11.465,42,21,0,0,0,0,V,K
49,33,-0.088516,5.0078,47,49,0,0,0,0,L,P
25,7,-0.088552,11.303,70,89,0,0,0,0,P,E
42,14,-0.088566,20.403,45,36,0,0,0,0,Y,E
37,21,-0.088636,20.006,33,28,0,0,0,0,I,L
41,23,-0.088651,16.883,64,45,0,0,0,0,E,D
35,10,-0.089193,13.061,78,93,0,0,0,0,G,G
25,2,-0.089275,7.8763,70,81,0,0,0,0,P,K
62,25,-0.089391,12.607,20,70,0,0,0,0,R,P
62,6,-0.089406,3.99,20,91,0,0,0,0,R,P
37,12,-0.089578,16.383,33,24,0,0,0,0,I,S
23,14,-0.089982,9.8734,45,36,999,0,0,0,D,E
61,55,-0.089997,8.1865,89,36,0,0,0,0,V,D
32,4,-0.090004,12.595,43,59,0,0,0,0,L,E
26,2,-0.090129,8.7363,40,81,0,0,0,0,E,K
42,8,-0.090275,15.336,45,66,0,0,0,0,Y,L
58,39,-0.090329,15.423,34,61,0,0,0,0,A,T
64,51,-0.090384,13.702,80,63,0,0,0,0,G,V
46,13,-0.091123,8.8469,95,26,0,0,0,0,R,V
33,7,-0.091265,17.195,49,89,0,0,0,0,P,E
51,32,-0.091509,1.9171,63,43,0,0,0,0,V,L
14,2,-0.091517,11.98,36,81,0,0,0,0,E,K
57,43,-0.091763,14.833,81,48,0,0,0,0,I,R
24,14,-0.091957,11.199,36,36,999,0,0,0,K,E
35,19,-0.092073,18.469,78,24,0,0,0,0,G,V
20,12,-0.092103,7.6572,93,24,999,0,0,0,I,S
19,9,-0.09241,6.2548,24,70,0,0,0,0,V,V
48,7,-0.092492,10.542,64,89,0,0,0,0,R,E
63,56,-0.092759,15.065,42,20,0,0,0,0,V,N
47,38,-0.092969,8.0122,95,68,0,0,0,0,V,V
59,24,-0.093084,13.401,25,36,0,0,0,0,Q,K
55,23,-0.093372,16.36,36,45,0,0,0,0,D,D
55,37,-0.093382,13.651,36,33,0,0,0,0,D,I
52,13,-0.093609,6.1401,68,26,0,0,0,0,D,V
22,5,-0.093667,5.1908,27,93,0,0,0,0,Q,W
45,24,-0.093867,3.4602,33,36,0,0,0,0,D,K
59,51,-0.094034,3.5661,25,63,0,0,0,0,Q,V
36,29,-0.094128,12.602,36,34,999,0,0,0,T,I
10,3,-0.094183,14.989,93,34,0,0,0,0,G,T
61,29,-0.094742,5.9074,89,34,0,0,0,0,V,I
34,21,-0.094776,16.581,26,28,0,0,0,0,V,L
47,40,-0.094989,12.033,95,20,0,0,0,0,V,M
38,11,-0.09499,16.173,68,21,0,0,0,0,V,K
32,9,-0.095023,11.673,43,70,0,0,0,0,L,V
61,13,-0.095398,6.0395,89,26,0,0,0,0,V,V
63,12,-0.09581,14.606,42,24,0,0,0,0,V,S
28,9,-0.096104,16.664,18,70,0,0,0,0,Q,V
34,20,-0.096158,11.437,26,93,0,0,0,0,V,I
64,56,-0.096361,17.671,80,20,0,0,0,0,G,N
56,19,-0.096498,10.478,20,24,0,0,0,0,N,V
59,7,-0.096565,8.9099,25,89,0,0,0,0,Q,E
61,31,-0.096649,6.5922,89,51,0,0,0,0,V,V
36,25,-0.096703,23.062,36,70,0,0,0,0,T,P
43,10,-0.097049,19.993,48,93,0,0,0,0,R,G
22,6,-0.097075,9.6572,27,91,0,0,0,0,Q,P
47,30,-0.097462,3.6356,95,22,0,0,0,0,V,I
57,35,-0.097689,9.4162,81,78,0,0,0,0,I,G
57,40,-0.097822,16.301,81,20,0,0,0,0,I,M
21,14,-0.09787,5.8047,28,36,999,0,0,0,L,E
35,20,-0.097897,14.52,78,93,0,0,0,0,G,I
15,8,-0.097984,4.2706,35,66,0,0,0,0,E,L
60,48,-0.098034,5.6266,32,64,0,0,0,0,V,R
52,31,-0.098051,5.9255,68,51,0,0,0,0,D,V
32,2,-0.098157,15.613,43,81,0,0,0,0,L,K
61,30,-0.098442,6.8697,89,22,0,0,0,0,V,I
52,42,-0.098574,21.239,68,45,0,0,0,0,D,Y
50,44,-0.098585,12.186,50,32,999,0,0,0,F,I
39,22,-0.098639,21.503,61,27,0,0,0,0,T,Q
31,7,-0.098747,13.713,51,89,0,0,0,0,V,E
51,11,-0.098816,5.2036,63,21,0,0,0,0,V,K
58,24,-0.098977,17.706,34,36,0,0,0,0,A,K
45,34,-0.099052,17.269,33,26,0,0,0,0,D,V
25,4,-0.099131,10.848,70,59,0,0,0,0,P,E
46,12,-0.09914,13.478,95,24,0,0,0,0,R,S
62,41,-0.099306,8.2473,20,64,0,0,0,0,R,E
15,7,-0.099336,7.3077,35,89,0,0,0,0,E,E
38,19,-0.099452,17.238,68,24,0,0,0,0,V,V
45,2,-0.099563,10.846,33,81,0,0,0,0,D,K
51,20,-0.099665,7.6082,63,93,0,0,0,0,V,I
59,30,-0.099775,9.9047,25,22,0,0,0,0,Q,I
42,4,-0.099899,9.3212,45,59,0,0,0,0,Y,E
55,29,-0.10025,9.223,36,34,0,0,0,0,D,I
56,6,-0.10085,10.481,20,91,0,0,0,0,N,P
59,47,-0.10087,7.3287,25,95,0,0,0,0,Q,V
43,12,-0.10092,17.916,48,24,0,0,0,0,R,S
37,29,-0.10103,13.831,33,34,0,0,0,0,I,I
64,45,-0.10126,5.1086,80,33,0,0,0,0,G,D
56,7,-0.10163,11.314,20,89,0,0,0,0,N,E
28,6,-0.10169,15.991,18,91,0,0,0,0,Q,P
29,15,-0.10182,7.6158,34,35,0,0,0,0,I,E
63,37,-0.10201,11.3,42,33,0,0,0,0,V,I
30,15,-0.10246,11.525,22,35,0,0,0,0,I,E
32,10,-0.103,11.818,43,93,0,0,0,0,L,G
46,26,-0.10305,5.5284,95,40,0,0,0,0,R,E
64,26,-0.10335,7.912,80,40,0,0,0,0,G,E
12,2,-0.10349,12.885,24,81,0,0,0,0,S,K
60,20,-0.10364,6.794,32,93,0,0,0,0,V,I
61,32,-0.10469,6.8217,89,43,0,0,0,0,V,L
58,14,-0.10474,10.403,34,36,0,0,0,0,A,E
36,23,-0.1048,21.254,36,45,0,0,0,0,T,D
61,26,-0.10484,12.954,89,40,0,0,0,0,V,E
59,31,-0.105,8.2906,25,51,0,0,0,0,Q,V
45,11,-0.10537,17.656,33,21,0,0,0,0,D,K
20,4,-0.10552,5.5527,93,59,0,0,0,0,I,E
64,14,-0.10578,16.982,80,36,0,0,0,0,G,E
32,7,-0.10599,14.696,43,89,0,0,0,0,L,E
61,38,-0.1062,8.3446,89,68,0,0,0,0,V,V
63,13,-0.10633,11.443,42,26,0,0,0,0,V,V
45,30,-0.1064,5.7427,33,22,0,0,0,0,D,I
49,37,-0.10645,9.0779,47,33,0,0,0,0,L,I
47,31,-0.10653,5.1472,95,51,0,0,0,0,V,V
39,20,-0.10681,14.883,61,93,0,0,0,0,T,I
62,20,-0.10688,5.4283,20,93,0,0,0,0,R,I
40,21,-0.10734,19.612,20,28,0,0,0,0,M,L
59,29,-0.10756,10.378,25,34,0,0,0,0,Q,I
42,25,-0.10762,12.976,45,70,0,0,0,0,Y,P
41,7,-0.10769,18.552,64,89,0,0,0,0,E,E
58,8,-0.10838,7.1475,34,66,0,0,0,0,A,L
58,16,-0.10855,7.8175,34,93,0,0,0,0,A,A
52,11,-0.10868,6.2123,68,21,0,0,0,0,D,K
55,15,-0.10872,5.6398,36,35,0,0,0,0,D,E
63,35,-0.10885,13.395,42,78,0,0,0,0,V,G
46,37,-0.10887,9.717,95,33,0,0,0,0,R,I
58,5,-0.1091,8.7864,34,93,0,0,0,0,A,W
16,4,-0.10937,8.7239,93,59,0,0,0,0,A,E
64,48,-0.10938,4.3146,80,64,0,0,0,0,G,R
46,17,-0.11017,6.6577,95,43,0,0,0,0,R,K
21,2,-0.11032,7.4309,28,81,0,0,0,0,L,K
47,26,-0.11081,6.4168,95,40,0,0,0,0,V,E
45,3,-0.11088,8.8889,33,34,0,0,0,0,D,T
54,43,-0.11091,21.505,16,48,0,0,0,0,L,R
21,6,-0.11111,11.255,28,91,0,0,0,0,L,P
49,27,-0.11144,7.6636,47,46,0,0,0,0,L,A
62,48,-0.11148,2.2707,20,64,0,0,0,0,R,R
35,27,-0.11176,18.093,78,46,0,0,0,0,G,A
30,10,-0.11187,14.281,22,93,0,0,0,0,I,G
55,8,-0.11211,8.0028,36,66,0,0,0,0,D,L
38,22,-0.11283,19.374,68,27,0,0,0,0,V,Q
63,21,-0.11283,7.9509,42,28,0,0,0,0,V,L
48,24,-0.11309,7.0434,64,36,0,0,0,0,R,K
62,49,-0.11352,3.9335,20,47,0,0,0,0,R,L
56,49,-0.11358,5.393,20,47,0,0,0,0,N,L
40,7,-0.1138,20.086,20,89,0,0,0,0,M,E
39,2,-0.11384,15.556,61,81,0,0,0,0,T,K
45,9,-0.11398,18.13,33,70,0,0,0,0,D,V
45,17,-0.11434,9.0428,33,43,0,0,0,0,D,K
60,24,-0.11436,11.942,32,36,0,0,0,0,V,K
61,4,-0.11471,2.8769,89,59,0,0,0,0,V,E
44,33,-0.11522,17.11,32,49,0,0,0,0,I,P
39,13,-0.11541,15.518,61,26,0,0,0,0,T,V
49,25,-0.1155,12.649,47,70,0,0,0,0,L,P
22,3,-0.1156,10.776,27,34,0,0,0,0,Q,T
19,3,-0.116,9.8743,24,34,0,0,0,0,V,T
21,7,-0.11635,9.2897,28,89,0,0,0,0,L,E
60,49,-0.11642,5.6434,32,47,0,0,0,0,V,L
46,22,-0.11644,11.3,95,27,0,0,0,0,R,Q
59,49,-0.11676,5.1007,25,47,0,0,0,0,Q,L
37,10,-0.1168,15.405,33,93,0,0,0,0,I,G
42,21,-0.1171,13.431,45,28,0,0,0,0,Y,L
50,11,-0.1172,7.6857,50,21,0,0,0,0,F,K
54,46,-0.11749,16.87,16,95,999,0,0,0,L,R
64,44,-0.11756,2.3012,80,32,0,0,0,0,G,I
53,40,-0.11757,15.801,16,20,0,0,0,0,K,M
47,36,-0.11763,11.588,95,36,0,0,0,0,V,T
38,2,-0.11769,15.559,68,81,0,0,0,0,V,K
36,6,-0.11787,17.226,36,91,0,0,0,0,T,P
61,40,-0.11817,12.276,89,20,0,0,0,0,V,M
54,24,-0.11823,21.186,16,36,0,0,0,0,L,K
58,10,-0.11824,4.2406,34,93,0,0,0,0,A,G
40,6,-0.11826,17.096,20,91,0,0,0,0,M,P
45,23,-0.11838,11.323,33,45,0,0,0,0,D,D
64,53,-0.11851,19.867,80,16,0,0,0,0,G,K
44,15,-0.11863,16.021,32,35,0,0,0,0,I,E
57,51,-0.11868,2.3212,81,63,0,0,0,0,I,V
14,5,-0.11883,9.8861,36,93,0,0,0,0,E,W
29,11,-0.11935,9.9802,34,21,0,0,0,0,I,K
49,22,-0.1194,9.9176,47,27,0,0,0,0,L,Q
24,4,-0.11961,6.3191,36,59,0,0,0,0,K,E
58,31,-0.11966,7.562,34,51,0,0,0,0,A,V
20,11,-0.11968,6.7362,93,21,999,0,0,0,I,K
41,16,-0.11986,15.723,64,93,0,0,0,0,E,A
29,17,-0.11993,1.9378,34,43,0,0,0,0,I,K
60,19,-0.12031,8.483,32,24,0,0,0,0,V,V
48,19,-0.12039,10.574,64,24,0,0,0,0,R,V
36,20,-0.12051,15.1,36,93,0,0,0,0,T,I
42,20,-0.12055,11.648,45,93,0,0,0,0,Y,I
13,2,-0.12068,11.96,26,81,0,0,0,0,V,K
39,27,-0.12097,14.22,61,46,0,0,0,0,T,A
37,23,-0.12111,21.182,33,45,0,0,0,0,I,D
51,30,-0.12113,6.0247,63,22,0,0,0,0,V,I
11,4,-0.12118,10.611,21,59,0,0,0,0,K,E
64,36,-0.12122,13.396,80,36,0,0,0,0,G,T
63,28,-0.12138,6.2357,42,18,0,0,0,0,V,Q
56,24,-0.12143,17.641,20,36,0,0,0,0,N,K
39,25,-0.12144,19.781,61,70,0,0,0,0,T,P
62,46,-0.12147,4.082,20,95,0,0,0,0,R,R
45,7,-0.12149,15.927,33,89,0,0,0,0,D,E
57,11,-0.12172,1.7615,81,21,0,0,0,0,I,K
52,15,-0.122,10.667,68,35,0,0,0,0,D,E
45,20,-0.12207,7.7661,33,93,0,0,0,0,D,I
39,23,-0.12227,19.085,61,45,0,0,0,0,T,D
58,11,-0.1228,5.425,34,21,0,0,0,0,A,K
60,16,-0.12282,7.8208,32,93,0,0,0,0,V,A
23,9,-0.12295,9.9244,45,70,0,0,0,0,D,V
60,21,-0.12353,12.416,32,28,0,0,0,0,V,L
63,33,-0.12355,13.44,42,49,0,0,0,0,V,P
37,7,-0.12389,18.359,33,89,0,0,0,0,I,E
27,14,-0.12392,9.9106,46,36,0,0,0,0,A,E
56,41,-0.12394,17.914,20,64,0,0,0,0,N,E
57,22,-0.12417,11.339,81,27,0,0,0,0,I,Q
47,17,-0.12434,5.0735,95,43,0,0,0,0,V,K
63,15,-0.12441,12.797,42,35,0,0,0,0,V,E
21,9,-0.12455,12.039,28,70,0,0,0,0,L,V
59,18,-0.12471,13.337,25,21,0,0,0,0,Q,K
45,32,-0.12496,9.5428,33,43,0,0,0,0,D,L
55,30,-0.12505,9.0258,36,22,0,0,0,0,D,I
59,5,-0.12515,5.9042,25,93,0,0,0,0,Q,W
41,15,-0.1252,19.69,64,35,0,0,0,0,E,E
45,33,-0.12521,15.006,33,49,0,0,0,0,D,P
64,28,-0.12537,9.0595,80,18,0,0,0,0,G,Q
54,16,-0.12579,9.7716,16,93,0,0,0,0,L,A
52,38,-0.12586,11.865,68,68,0,0,0,0,D,V
51,16,-0.12589,5.3164,63,93,0,0,0,0,V,A
54,8,-0.12635,10.89,16,66,0,0,0,0,L,L
37,6,-0.12652,15.526,33,91,0,0,0,0,I,P
50,14,-0.12664,10.79,50,36,0,0,0,0,F,E
64,31,-0.12669,12.084,80,51,0,0,0,0,G,V
61,19,-0.12697,7.0153,89,24,0,0,0,0,V,V
62,27,-0.12698,7.1425,20,46,0,0,0,0,R,A
47,4,-0.12705,4.4228,95,59,0,0,0,0,V,E
62,13,-0.12737,8.9415,20,26,0,0,0,0,R,V
32,5,-0.12743,11.323,43,93,0,0,0,0,L,W
46,15,-0.12774,13.341,95,35,0,0,0,0,R,E
58,13,-0.12785,7.1252,34,26,0,0,0,0,A,V
57,18,-0.12805,7.4932,81,21,0,0,0,0,I,K
57,21,-0.12807,9.5659,81,28,0,0,0,0,I,L
25,13,-0.12809,12.99,70,26,999,0,0,0,P,V
57,38,-0.1281,11.788,81,68,0,0,0,0,I,V
40,12,-0.12901,21.381,20,24,0,0,0,0,M,S
34,8,-0.1296,10.07,26,66,0,0,0,0,V,L
60,36,-0.12988,11.418,32,36,0,0,0,0,V,T
32,16,-0.13001,8.5619,43,93,0,0,0,0,L,A
38,6,-0.13017,15.413,68,91,0,0,0,0,V,P
50,40,-0.13032,7.3484,50,20,0,0,0,0,F,M
33,10,-0.1304,12.168,49,93,0,0,0,0,P,G
36,11,-0.13046,14.808,36,21,0,0,0,0,T,K
53,10,-0.13082,9.9411,16,93,0,0,0,0,K,G
54,41,-0.1309,20.26,16,64,0,0,0,0,L,E
63,49,-0.1312,6.8519,42,47,0,0,0,0,V,L
40,5,-0.13125,13.516,20,93,0,0,0,0,M,W
61,54,-0.13134,11.32,89,16,0,0,0,0,V,L
12,5,-0.13205,9.6048,24,93,0,0,0,0,S,W
61,37,-0.13209,9.745,89,33,0,0,0,0,V,I
54,7,-0.13255,15.372,16,89,0,0,0,0,L,E
36,16,-0.13293,14.634,36,93,0,0,0,0,T,A
61,53,-0.13303,11.528,89,16,0,0,0,0,V,K
62,16,-0.13324,7.6758,20,93,0,0,0,0,R,A
57,28,-0.13342,12.258,81,18,0,0,0,0,I,Q
62,32,-0.13347,7.9319,20,43,0,0,0,0,R,L
58,48,-0.13351,9.2173,34,64,0,0,0,0,A,R
44,5,-0.13357,5.7119,32,93,0,0,0,0,I,W
56,10,-0.13367,3.5224,20,93,0,0,0,0,N,G
47,15,-0.13386,9.4559,95,35,0,0,0,0,V,E
59,3,-0.13412,8.4697,25,34,0,0,0,0,Q,T
46,36,-0.13432,9.7282,95,36,0,0,0,0,R,T
34,7,-0.13433,14.05,26,89,0,0,0,0,V,E
56,5,-0.1349,9.9452,20,93,0,0,0,0,N,W
28,16,-0.13514,9.9205,18,93,0,0,0,0,Q,A
38,5,-0.13525,11.627,68,93,0,0,0,0,V,W
43,7,-0.13567,16.024,48,89,0,0,0,0,R,E
54,38,-0.13583,15.1,16,68,0,0,0,0,L,V
62,5,-0.13619,2.437,20,93,0,0,0,0,R,W
57,26,-0.13714,15.243,81,40,0,0,0,0,I,E
41,8,-0.13724,15.708,64,66,0,0,0,0,E,L
39,14,-0.13739,19.539,61,36,0,0,0,0,T,E
50,13,-0.13745,6.3998,50,26,0,0,0,0,F,V
37,16,-0.13745,16.01,33,93,0,0,0,0,I,A
40,8,-0.13762,17.883,20,66,0,0,0,0,M,L
57,37,-0.13794,11.664,81,33,0,0,0,0,I,I
64,22,-0.13836,13.978,80,27,0,0,0,0,G,Q
30,20,-0.13899,7.3363,22,93,0,0,0,0,I,I
47,28,-0.13944,3.5292,95,18,0,0,0,0,V,Q
57,15,-0.13998,5.2932,81,35,0,0,0,0,I,E
43,23,-0.14011,12.673,48,45,0,0,0,0,R,D
39,31,-0.14038,10.905,61,51,0,0,0,0,T,V
28,5,-0.14051,8.3099,18,93,0,0,0,0,Q,W
55,42,-0.14052,21.755,36,45,0,0,0,0,D,Y
45,10,-0.14053,20.158,33,93,0,0,0,0,D,G
63,41,-0.14064,5.4926,42,64,0,0,0,0,V,E
52,9,-0.14131,8.2604,68,70,0,0,0,0,D,V
61,17,-0.14136,7.1122,89,43,0,0,0,0,V,K
34,6,-0.14145,11.295,26,91,0,0,0,0,V,P
64,37,-0.14163,12.106,80,33,0,0,0,0,G,I
36,7,-0.14172,19.291,36,89,0,0,0,0,T,E
59,23,-0.14183,13.319,25,45,0,0,0,0,Q,D
52,44,-0.14213,20.128,68,32,0,0,0,0,D,I
38,9,-0.14322,14.401,68,70,0,0,0,0,V,V
58,30,-0.1434,11.276,34,22,0,0,0,0,A,I
49,19,-0.14341,6.9778,47,24,0,0,0,0,L,V
41,24,-0.14376,10.168,64,36,0,0,0,0,E,K
64,17,-0.14472,12.541,80,43,0,0,0,0,G,K
52,14,-0.14472,9.5049,68,36,0,0,0,0,D,E
64,19,-0.1458,13.319,80,24,0,0,0,0,G,V
57,32,-0.14599,6.9845,81,43,0,0,0,0,I,L
41,4,-0.14606,11.97,64,59,0,0,0,0,E,E
28,2,-0.1474,11.317,18,81,0,0,0,0,Q,K
60,41,-0.14763,12.818,32,64,0,0,0,0,V,E
35,12,-0.14776,13.422,78,24,0,0,0,0,G,S
54,4,-0.14808,18.033,16,59,0,0,0,0,L,E
40,10,-0.14873,20.631,20,93,0,0,0,0,M,G
45,6,-0.14904,16.026,33,91,0,0,0,0,D,P
43,5,-0.1491,8.146,48,93,0,0,0,0,R,W
48,26,-0.14916,9.9723,64,40,0,0,0,0,R,E
38,16,-0.14945,13.845,68,93,0,0,0,0,V,A
57,33,-0.15009,7.8623,81,49,0,0,0,0,I,P
50,8,-0.15038,7.4989,50,66,0,0,0,0,F,L
53,20,-0.15072,15.531,16,93,0,0,0,0,K,I
64,12,-0.15105,17.624,80,24,0,0,0,0,G,S
41,20,-0.15178,12.806,64,93,0,0,0,0,E,I
36,8,-0.152,15.056,36,66,0,0,0,0,T,L
63,29,-0.15228,5.5208,42,34,0,0,0,0,V,I
46,14,-0.1523,11.412,95,36,0,0,0,0,R,E
33,3,-0.15255,16.69,49,34,0,0,0,0,P,T
56,35,-0.15457,9.4051,20,78,0,0,0,0,N,G
53,16,-0.15496,12.775,16,93,0,0,0,0,K,A
47,37,-0.15524,12.035,95,33,0,0,0,0,V,I
39,8,-0.15549,16.726,61,66,0,0,0,0,T,L
47,14,-0.15569,9.4441,95,36,0,0,0,0,V,E
39,11,-0.15624,19.844,61,21,0,0,0,0,T,K
60,17,-0.15668,11.109,32,43,0,0,0,0,V,K
54,5,-0.1577,14.705,16,93,0,0,0,0,L,W
40,16,-0.15832,18.888,20,93,0,0,0,0,M,A
54,20,-0.15834,13.79,16,93,0,0,0,0,L,I
59,2,-0.1594,11.175,25,81,0,0,0,0,Q,K
34,10,-0.16013,8.3608,26,93,0,0,0,0,V,G
62,2,-0.1604,6.1936,20,81,0,0,0,0,R,K
17,2,-0.16042,8.8582,43,81,0,0,0,0,K,K
43,2,-0.16054,10.68,48,81,0,0,0,0,R,K
26,16,-0.16056,10.852,40,93,0,0,0,0,E,A
35,3,-0.1608,15.674,78,34,0,0,0,0,G,T
55,49,-0.16105,5.4705,36,47,0,0,0,0,D,L
59,46,-0.16181,9.6846,25,95,0,0,0,0,Q,R
57,14,-0.16206,5.9459,81,36,0,0,0,0,I,E
24,9,-0.16218,13.875,36,70,0,0,0,0,K,V
58,15,-0.16291,10.308,34,35,0,0,0,0,A,E
29,19,-0.16304,6.1056,34,24,0,0,0,0,I,V
51,9,-0.16308,7.1205,63,70,0,0,0,0,V,V
61,34,-0.16368,6.7507,89,26,0,0,0,0,V,V
56,2,-0.16399,15.137,20,81,0,0,0,0,N,K
42,15,-0.16438,19.998,45,35,0,0,0,0,Y,E
36,10,-0.1647,15.182,36,93,0,0,0,0,T,G
18,5,-0.16565,6.91,21,93,0,0,0,0,K,W
61,18,-0.16569,9.2002,89,21,0,0,0,0,V,K
33,5,-0.16599,14.363,49,93,0,0,0,0,P,W
38,24,-0.16625,13.472,68,36,0,0,0,0,V,K
61,22,-0.16732,10.887,89,27,0,0,0,0,V,Q
47,33,-0.16759,10.232,95,49,0,0,0,0,V,P
61,3,-0.16774,4.9191,89,34,0,0,0,0,V,T
37,8,-0.16813,15,33,66,0,0,0,0,I,L
61,33,-0.16823,9.6514,89,49,0,0,0,0,V,P
49,32,-0.16863,1.9695,47,43,0,0,0,0,L,L
37,24,-0.16882,17.821,33,36,0,0,0,0,I,K
52,28,-0.16915,16.613,68,18,0,0,0,0,D,Q
64,3,-0.16917,3.2982,80,34,0,0,0,0,G,T
54,30,-0.17065,12.795,16,22,0,0,0,0,L,I
34,2,-0.1707,16.022,26,81,0,0,0,0,V,K
54,19,-0.17079,14.094,16,24,0,0,0,0,L,V
34,23,-0.17087,18.04,26,45,0,0,0,0,V,D
46,34,-0.17099,11.93,95,26,0,0,0,0,R,V
49,12,-0.17163,5.0851,47,24,0,0,0,0,L,S
58,35,-0.17165,6.7983,34,78,0,0,0,0,A,G
37,27,-0.17176,17.615,33,46,0,0,0,0,I,A
60,39,-0.17185,11.996,32,61,0,0,0,0,V,T
39,7,-0.1719,19.182,61,89,0,0,0,0,T,E
47,12,-0.17196,10.481,95,24,0,0,0,0,V,S
42,31,-0.17216,14.643,45,51,0,0,0,0,Y,V
49,3,-0.17286,9.3717,47,34,0,0,0,0,L,T
44,6,-0.17352,13.317,32,91,0,0,0,0,I,P
55,9,-0.17441,8.3395,36,70,0,0,0,0,D,V
45,5,-0.17458,8.1991,33,93,0,0,0,0,D,W
42,28,-0.17468,9.7169,45,18,0,0,0,0,Y,Q
12,6,-0.17518,10.604,24,91,0,0,0,0,S,P
63,19,-0.17549,9.3212,42,24,0,0,0,0,V,V
62,47,-0.17724,2.3749,20,95,0,0,0,0,R,V
62,51,-0.17856,8.0026,20,63,0,0,0,0,R,V
58,27,-0.17873,15.877,34,46,0,0,0,0,A,A
57,19,-0.17918,6.4595,81,24,0,0,0,0,I,V
46,11,-0.17932,14.799,95,21,0,0,0,0,R,K
62,35,-0.17981,10.049,20,78,0,0,0,0,R,G
64,30,-0.18086,9.5554,80,22,0,0,0,0,G,I
63,23,-0.18098,6.8893,42,45,0,0,0,0,V,D
34,5,-0.18108,11.084,26,93,0,0,0,0,V,W
60,13,-0.18148,9.6678,32,26,0,0,0,0,V,V
58,18,-0.18205,13.221,34,21,0,0,0,0,A,K
36,5,-0.18223,15.469,36,93,0,0,0,0,T,W
50,28,-0.18242,11.144,50,18,0,0,0,0,F,Q
41,18,-0.18254,18.417,64,21,0,0,0,0,E,K
43,9,-0.18327,17.415,48,70,0,0,0,0,R,V
62,23,-0.18327,8.7708,20,45,0,0,0,0,R,D
52,21,-0.18426,16.185,68,28,0,0,0,0,D,L
48,11,-0.18444,10.978,64,21,0,0,0,0,R,K
18,6,-0.18584,11.951,21,91,0,0,0,0,K,P
47,18,-0.18757,8.0731,95,21,0,0,0,0,V,K
61,21,-0.18765,9.0191,89,28,0,0,0,0,V,L
53,2,-0.18973,20.955,16,81,0,0,0,0,K,K
43,6,-0.19004,15.125,48,91,0,0,0,0,R,P
59,8,-0.19019,5.6492,25,66,0,0,0,0,Q,L
59,22,-0.19029,15.633,25,27,0,0,0,0,Q,Q
60,23,-0.19052,9.7057,32,45,0,0,0,0,V,D
35,26,-0.19101,21.932,78,40,999,0,0,0,G,E
50,22,-0.19132,15.389,50,27,0,0,0,0,F,Q
61,11,-0.19173,6.3821,89,21,0,0,0,0,V,K
47,34,-0.19287,10.116,95,26,0,0,0,0,V,V
61,28,-0.19471,10.389,89,18,0,0,0,0,V,Q
64,18,-0.19664,15.28,80,21,0,0,0,0,G,K
40,20,-0.19798,16.304,20,93,0,0,0,0,M,I
41,27,-0.19865,11.632,64,46,0,0,0,0,E,A
40,23,-0.19886,19.915,20,45,0,0,0,0,M,D
45,31,-0.20231,9.9675,33,51,0,0,0,0,D,V
63,54,-0.20297,19.065,42,16,0,0,0,0,V,L
41,25,-0.20339,17.106,64,70,0,0,0,0,E,P
54,6,-0.204,15.224,16,91,0,0,0,0,L,P
64,13,-0.20525,14.166,80,26,0,0,0,0,G,V
61,14,-0.20628,9.0459,89,36,0,0,0,0,V,E
31,2,-0.20705,14.698,51,81,0,0,0,0,V,K
57,30,-0.20776,8.5113,81,22,0,0,0,0,I,I
48,3,-0.20792,6.8293,64,34,0,0,0,0,R,T
52,33,-0.21184,3.3267,68,49,0,0,0,0,D,P
61,15,-0.21296,8.0325,89,35,0,0,0,0,V,E
16,3,-0.21308,11.098,93,34,0,0,0,0,A,T
60,54,-0.21351,13.076,32,16,999,0,0,0,V,L
33,2,-0.21707,18.878,49,81,0,0,0,0,P,K
53,7,-0.21775,17.621,16,89,0,0,0,0,K,E
33,6,-0.21833,15.492,49,91,0,0,0,0,P,P
49,40,-0.2184,12.084,47,20,0,0,0,0,L,M
30,8,-0.22653,10.04,22,66,0,0,0,0,I,L
53,8,-0.22726,13.3,16,66,0,0,0,0,K,L
58,29,-0.22822,11.395,34,34,0,0,0,0,A,I
53,5,-0.2313,15.707,16,93,0,0,0,0,K,W
43,21,-0.23556,10.4,48,28,0,0,0,0,R,L
64,34,-0.23811,14.71,80,26,0,0,0,0,G,V
64,54,-0.24252,21.501,80,16,0,0,0,0,G,L
39,24,-0.24943,13.419,61,36,0,0,0,0,T,K
51,26,-0.25654,16.107,63,40,0,0,0,0,V,E
57,12,-0.28177,3.2379,81,24,0,0,0,0,I,S
36,27,-0.28265,17.146,36,46,0,0,0,0,T,A
