average cumulative strength:,0.3713
residue index,amino acid,number of ECs,cumulative strength,EC strength,conservation
57,G,8,4.646,12.5,41
56,V,7,4.292,11.6,21
31,I,8,4.251,11.5,25
83,I,8,3.889,10.5,25
43,I,7,3.614,9.7,22
37,C,6,3.428,9.2,40
65,I,4,2.961,8.0,30
58,V,8,2.85,7.7,30
68,A,5,2.603,7.0,52
72,I,7,2.588,7.0,22
55,A,6,2.407,6.5,46
47,A,6,2.382,6.4,46
54,K,2,2.314,6.2,15
81,A,5,2.114,5.7,31
33,Y,6,2.079,5.6,63
34,D,6,2.077,5.6,68
32,V,6,2.074,5.6,47
82,S,3,2.038,5.5,15
85,K,3,2.032,5.5,14
44,I,4,2.028,5.5,20
84,V,4,2.024,5.5,17
96,A,6,2.016,5.4,16
125,V,4,2.001,5.4,35
98,V,4,1.909,5.1,31
59,E,4,1.891,5.1,65
120,K,5,1.886,5.1,33
52,V,6,1.718,4.6,25
39,D,5,1.629,4.4,25
115,L,4,1.616,4.4,21
35,L,6,1.565,4.2,27
118,E,6,1.518,4.1,18
114,K,5,1.433,3.9,20
80,R,4,1.428,3.8,23
119,L,3,1.363,3.7,65
99,V,4,1.359,3.7,48
30,D,5,1.359,3.7,12
36,G,5,1.273,3.4,62
95,E,4,1.269,3.4,19
42,I,5,1.251,3.4,22
91,V,4,1.248,3.4,25
46,A,4,1.246,3.4,38
29,D,4,1.242,3.3,33
97,T,4,1.229,3.3,29
60,I,3,1.196,3.2,27
64,R,4,1.12,3.0,25
88,F,4,1.097,3.0,28
53,K,4,1.078,2.9,10
62,D,2,1.072,2.9,26
71,N,2,1.043,2.8,32
86,G,2,1.035,2.8,31
101,M,4,0.944,2.5,30
77,V,3,0.91,2.5,26
92,D,2,0.906,2.4,26
100,T,3,0.902,2.4,21
40,G,3,0.874,2.4,92
75,N,2,0.866,2.3,16
49,D,3,0.824,2.2,15
117,K,3,0.822,2.2,28
102,F,3,0.737,2.0,15
87,N,1,0.719,1.9,57
48,K,2,0.717,1.9,15
69,L,3,0.716,1.9,28
116,E,3,0.673,1.8,13
93,I,3,0.657,1.8,20
17,V,3,0.643,1.7,10
51,N,2,0.64,1.7,41
45,T,3,0.618,1.7,16
104,L,3,0.608,1.6,20
105,T,3,0.592,1.6,29
79,G,2,0.567,1.5,12
18,R,2,0.496,1.3,11
89,F,2,0.467,1.3,16
41,R,2,0.457,1.2,16
129,E,2,0.408,1.1,14
106,N,2,0.392,1.1,38
50,F,2,0.386,1.0,11
26,V,2,0.379,1.0,17
128,H,2,0.378,1.0,11
123,T,2,0.352,0.9,73
22,E,1,0.351,0.9,13
73,E,1,0.346,0.9,15
127,S,1,0.343,0.9,15
112,K,1,0.343,0.9,37
67,E,1,0.309,0.8,14
110,M,1,0.286,0.8,12
124,R,1,0.278,0.7,16
78,T,1,0.259,0.7,10
122,G,1,0.254,0.7,51
126,V,1,0.235,0.6,20
23,I,1,0.224,0.6,11
24,A,1,0.218,0.6,30
27,S,1,0.212,0.6,12
103,L,1,0.207,0.6,14
21,L,1,0.199,0.5,21
61,N,1,0.197,0.5,34
109,E,1,0.197,0.5,12
111,L,1,0.191,0.5,17
130,F,1,0.175,0.5,8
