{"templates":["c46ea35da793d6ae9b163dc3446f80e41630b08d"],"oligo":{"state":"MONOMER","based_on":"monomer","predicted_qs":null},"residue_range":[{"chain_name":"A","residue_from":"11","residue_to":"158"}],"lddt_ca":null,"gdt_ha":null,"pred_lddt":0.5410000086,"gdt_ts":null,"lddt":null,"ligands":[{"description":"GUANOSINE-5'-TRIPHOSPHATE","number":"1","reason":{"sterically_valid":false,"conserved_residues":true,"relevant":true,"bound":true},"included":false,"model_binding_residues":[],"name":["GTP"]},{"description":"FORMIC ACID","number":"2","reason":{"sterically_valid":false,"conserved_residues":false,"relevant":false,"bound":true},"included":false,"model_binding_residues":[],"name":["FMT"]},{"description":"FORMIC ACID","number":"3","reason":{"sterically_valid":false,"conserved_residues":false,"relevant":false,"bound":true},"included":false,"model_binding_residues":[],"name":["FMT"]},{"description":"GLYCEROL","number":"4","reason":{"sterically_valid":false,"conserved_residues":false,"relevant":false,"bound":true},"included":false,"model_binding_residues":[],"name":["GOL"]},{"description":"GLYCEROL","number":"5","reason":{"sterically_valid":false,"conserved_residues":false,"relevant":false,"bound":true},"included":false,"model_binding_residues":[],"name":["GOL"]},{"description":"GLYCEROL","number":"6","reason":{"sterically_valid":false,"conserved_residues":false,"relevant":false,"bound":true},"included":false,"model_binding_residues":[],"name":["GOL"]},{"description":"GLYCEROL","number":"7","reason":{"sterically_valid":false,"conserved_residues":false,"relevant":false,"bound":true},"included":false,"model_binding_residues":[],"name":["GOL"]},{"description":"GLYCEROL","number":"8","reason":{"sterically_valid":false,"conserved_residues":false,"relevant":false,"bound":true},"included":false,"model_binding_residues":[],"name":["GOL"]},{"description":"GLYCEROL","number":"9","reason":{"sterically_valid":false,"conserved_residues":false,"relevant":false,"bound":true},"included":false,"model_binding_residues":[],"name":["GOL"]},{"description":"GLYCEROL","number":"10","reason":{"sterically_valid":false,"conserved_residues":false,"relevant":false,"bound":true},"included":false,"model_binding_residues":[],"name":["GOL"]},{"description":"GLYCEROL","number":"11","reason":{"sterically_valid":false,"conserved_residues":false,"relevant":false,"bound":true},"included":false,"model_binding_residues":[],"name":["GOL"]},{"description":"GLYCEROL","number":"12","reason":{"sterically_valid":false,"conserved_residues":false,"relevant":false,"bound":true},"included":false,"model_binding_residues":[],"name":["GOL"]}],"mod_engine":"PROMOD"}