average cumulative strength:,0.2165
residue index,amino acid,number of ECs,cumulative strength,EC strength,conservation
29,I,4,1.03,4.8,34
48,R,3,1.011,4.7,64
5,W,5,0.956,4.4,93
34,V,4,0.898,4.1,26
38,V,3,0.898,4.1,68
32,L,3,0.859,4.0,43
49,L,4,0.856,4.0,47
60,V,4,0.851,3.9,32
58,A,3,0.809,3.7,34
33,P,4,0.795,3.7,49
39,T,3,0.763,3.5,61
47,V,4,0.758,3.5,95
13,V,3,0.753,3.5,26
9,V,3,0.7,3.2,70
57,I,4,0.692,3.2,81
61,V,3,0.607,2.8,89
50,F,3,0.594,2.7,50
35,G,3,0.575,2.7,78
16,A,3,0.56,2.6,93
15,E,3,0.557,2.6,35
31,V,3,0.54,2.5,51
59,Q,3,0.522,2.4,25
2,K,3,0.517,2.4,81
63,V,2,0.509,2.4,42
24,K,2,0.507,2.3,36
10,G,2,0.507,2.3,93
53,K,3,0.503,2.3,16
3,T,2,0.495,2.3,34
19,V,2,0.484,2.2,24
37,I,2,0.484,2.2,33
30,I,2,0.474,2.2,22
54,L,2,0.473,2.2,16
43,R,2,0.473,2.2,48
8,L,2,0.469,2.2,66
20,I,2,0.431,2.0,93
44,I,2,0.413,1.9,32
7,E,2,0.412,1.9,89
25,P,2,0.411,1.9,70
62,R,2,0.398,1.8,20
6,P,2,0.369,1.7,91
23,D,2,0.362,1.7,45
12,S,2,0.356,1.6,24
27,A,2,0.355,1.6,46
14,E,2,0.329,1.5,36
41,E,1,0.327,1.5,64
22,Q,2,0.326,1.5,27
18,K,2,0.323,1.5,21
11,K,1,0.289,1.3,21
51,V,1,0.273,1.3,63
28,Q,1,0.27,1.2,18
40,M,1,0.237,1.1,20
21,L,1,0.236,1.1,28
42,Y,1,0.217,1.0,45
55,D,1,0.215,1.0,36
36,T,1,0.177,0.8,36
56,N,1,0.177,0.8,20
17,K,1,0.173,0.8,43
46,R,1,0.167,0.8,95
64,G,1,0.162,0.7,80
