38,32,0.52412,0,68,43,0,0,0,0,V,L
48,39,0.43232,0,64,61,0,0,0,0,R,T
58,34,0.37817,0,34,26,0,0,0,0,A,V
49,29,0.33849,0,47,34,0,0,0,0,L,I
48,41,0.32718,0,64,64,0,0,0,0,R,E
24,8,0.29672,0,36,66,0,0,0,0,K,L
43,37,0.29519,0,48,33,0,0,0,0,R,I
63,3,0.29253,0,42,34,0,0,0,0,V,T
60,9,0.29212,0,32,70,0,0,0,0,V,V
19,11,0.28903,0,24,21,999,0,0,0,V,K
51,13,0.27319,0,63,26,0,0,0,0,V,V
54,28,0.26963,0,16,18,0,0,0,0,L,Q
29,13,0.26441,0,34,26,0,0,0,0,I,V
61,10,0.25517,0,89,93,0,0,0,0,V,G
20,5,0.25407,0,93,93,0,0,0,0,I,W
47,10,0.25135,0,95,93,0,0,0,0,V,G
48,30,0.25104,0,64,22,0,0,0,0,R,I
58,33,0.24216,0,34,49,0,0,0,0,A,P
62,40,0.23653,0,20,20,0,0,0,0,R,M
29,21,0.23558,0,34,28,0,0,0,0,I,L
60,30,0.22277,0,32,22,0,0,0,0,V,I
50,35,0.2204,0,50,78,0,0,0,0,F,G
63,42,0.21651,0,42,45,0,0,0,0,V,Y
16,7,0.21543,0,93,89,0,0,0,0,A,E
55,13,0.21528,0,36,26,0,0,0,0,D,V
44,24,0.21019,0,32,36,0,0,0,0,I,K
25,15,0.20762,0,70,35,999,0,0,0,P,E
31,9,0.20572,0,51,70,0,0,0,0,V,V
54,33,0.20344,0,16,49,0,0,0,0,L,P
44,25,0.20315,0,32,70,0,0,0,0,I,P
9,3,0.202,0,70,34,0,0,0,0,V,T
50,38,0.19984,0,50,68,0,0,0,0,F,V
23,7,0.19612,0,45,89,0,0,0,0,D,E
19,12,0.19468,0,24,24,999,0,0,0,V,S
49,5,0.19322,0,47,93,0,0,0,0,L,W
35,29,0.19171,0,78,34,999,0,0,0,G,I
58,37,0.18842,0,34,33,0,0,0,0,A,I
57,6,0.1866,0,81,91,0,0,0,0,I,P
27,6,0.18246,0,46,91,0,0,0,0,A,P
33,15,0.18202,0,49,35,0,0,0,0,P,E
59,34,0.1811,0,25,26,0,0,0,0,Q,V
61,2,0.18012,0,89,81,0,0,0,0,V,K
43,36,0.17748,0,48,36,0,0,0,0,R,T
56,34,0.1773,0,20,26,0,0,0,0,N,V
57,20,0.1773,0,81,93,0,0,0,0,I,I
16,2,0.17532,0,93,81,0,0,0,0,A,K
59,38,0.17371,0,25,68,0,0,0,0,Q,V
47,5,0.1734,0,95,93,0,0,0,0,V,W
50,32,0.1733,0,50,43,0,0,0,0,F,L
31,17,0.17256,0,51,43,0,0,0,0,V,K
27,8,0.17208,0,46,66,0,0,0,0,A,L
61,47,0.17125,0,89,95,0,0,0,0,V,V
16,5,0.16915,0,93,93,0,0,0,0,A,W
60,53,0.16888,0,32,16,0,0,0,0,V,K
60,33,0.16762,0,32,49,0,0,0,0,V,P
53,15,0.16729,0,16,35,0,0,0,0,K,E
57,46,0.16709,0,81,95,0,0,0,0,I,R
53,14,0.16684,0,16,36,0,0,0,0,K,E
59,39,0.16673,0,25,61,0,0,0,0,Q,T
23,5,0.16586,0,45,93,0,0,0,0,D,W
49,39,0.16356,0,47,61,0,0,0,0,L,T
35,22,0.16326,0,78,27,0,0,0,0,G,Q
22,14,0.16255,0,27,36,999,0,0,0,Q,E
64,32,0.16178,0,80,43,0,0,0,0,G,L
47,2,0.16165,0,95,81,0,0,0,0,V,K
31,18,0.16142,0,51,21,0,0,0,0,V,K
34,12,0.16133,0,26,24,0,0,0,0,V,S
62,18,0.16108,0,20,21,0,0,0,0,R,K
57,49,0.16102,0,81,47,0,0,0,0,I,L
44,37,0.16016,0,32,33,0,0,0,0,I,I
31,13,0.16013,0,51,26,0,0,0,0,V,V
26,14,0.15894,0,40,36,999,0,0,0,E,E
64,16,0.15818,0,80,93,0,0,0,0,G,A
51,31,0.15725,0,63,51,0,0,0,0,V,V
59,45,0.15681,0,25,33,0,0,0,0,Q,D
46,2,0.15596,0,95,81,0,0,0,0,R,K
54,29,0.15549,0,16,34,0,0,0,0,L,I
64,46,0.1547,0,80,95,0,0,0,0,G,R
64,57,0.15419,0,80,81,0,0,0,0,G,I
53,42,0.15365,0,16,45,0,0,0,0,K,Y
48,38,0.15356,0,64,68,0,0,0,0,R,V
57,47,0.15296,0,81,95,0,0,0,0,I,V
61,46,0.1529,0,89,95,0,0,0,0,V,R
23,8,0.15271,0,45,66,0,0,0,0,D,L
25,16,0.15168,0,70,93,999,0,0,0,P,A
22,4,0.15114,0,27,59,0,0,0,0,Q,E
53,30,0.15077,0,16,22,0,0,0,0,K,I
51,22,0.14991,0,63,27,0,0,0,0,V,Q
63,10,0.1488,0,42,93,0,0,0,0,V,G
52,46,0.14727,0,68,95,999,0,0,0,D,R
63,50,0.14613,0,42,50,0,0,0,0,V,F
46,5,0.14549,0,95,93,0,0,0,0,R,W
20,10,0.14492,0,93,93,0,0,0,0,I,G
23,16,0.14424,0,45,93,999,0,0,0,D,A
31,4,0.14344,0,51,59,0,0,0,0,V,E
20,14,0.14281,0,93,36,999,0,0,0,I,E
51,33,0.14174,0,63,49,0,0,0,0,V,P
40,34,0.14166,0,20,26,0,0,0,0,M,V
16,10,0.14079,0,93,93,0,0,0,0,A,G
61,5,0.13967,0,89,93,0,0,0,0,V,W
62,30,0.1388,0,20,22,0,0,0,0,R,I
59,43,0.13675,0,25,48,0,0,0,0,Q,R
44,9,0.13591,0,32,70,0,0,0,0,I,V
18,11,0.13573,0,21,21,999,0,0,0,K,K
25,10,0.13543,0,70,93,0,0,0,0,P,G
58,19,0.1351,0,34,24,0,0,0,0,A,V
26,11,0.13477,0,40,21,0,0,0,0,E,K
19,8,0.13459,0,24,66,0,0,0,0,V,L
33,12,0.1342,0,49,24,0,0,0,0,P,S
57,16,0.1335,0,81,93,0,0,0,0,I,A
29,20,0.13333,0,34,93,0,0,0,0,I,I
42,36,0.13325,0,45,36,0,0,0,0,Y,T
42,3,0.13239,0,45,34,0,0,0,0,Y,T
60,45,0.13203,0,32,33,0,0,0,0,V,D
44,34,0.13187,0,32,26,0,0,0,0,I,V
19,13,0.13127,0,24,26,999,0,0,0,V,V
47,7,0.13087,0,95,89,0,0,0,0,V,E
41,35,0.13085,0,64,78,0,0,0,0,E,G
22,12,0.13045,0,27,24,999,0,0,0,Q,S
59,52,0.13044,0,25,68,0,0,0,0,Q,D
45,12,0.12913,0,33,24,0,0,0,0,D,S
24,3,0.12864,0,36,34,0,0,0,0,K,T
18,9,0.12849,0,21,70,0,0,0,0,K,V
27,16,0.12847,0,46,93,0,0,0,0,A,A
37,19,0.12805,0,33,24,0,0,0,0,I,V
60,7,0.12768,0,32,89,0,0,0,0,V,E
63,20,0.12754,0,42,93,0,0,0,0,V,I
27,21,0.12689,0,46,28,0,0,0,0,A,L
23,6,0.12676,0,45,91,0,0,0,0,D,P
57,5,0.12668,0,81,93,0,0,0,0,I,W
37,28,0.1261,0,33,18,999,0,0,0,I,Q
30,17,0.12524,0,22,43,0,0,0,0,I,K
63,45,0.12492,0,42,33,0,0,0,0,V,D
64,5,0.12388,0,80,93,0,0,0,0,G,W
13,3,0.12372,0,26,34,0,0,0,0,V,T
21,11,0.12307,0,28,21,999,0,0,0,L,K
49,41,0.12269,0,47,64,0,0,0,0,L,E
34,3,0.12231,0,26,34,0,0,0,0,V,T
53,11,0.12205,0,16,21,0,0,0,0,K,K
64,6,0.12145,0,80,91,0,0,0,0,G,P
32,11,0.12142,0,43,21,0,0,0,0,L,K
28,4,0.12072,0,18,59,0,0,0,0,Q,E
27,7,0.12059,0,46,89,0,0,0,0,A,E
33,21,0.11979,0,49,28,0,0,0,0,P,L
62,37,0.11893,0,20,33,0,0,0,0,R,I
51,18,0.11889,0,63,21,0,0,0,0,V,K
64,47,0.11876,0,80,95,0,0,0,0,G,V
40,14,0.11857,0,20,36,0,0,0,0,M,E
62,54,0.11846,0,20,16,0,0,0,0,R,L
62,43,0.1177,0,20,48,0,0,0,0,R,R
62,56,0.11714,0,20,20,0,0,0,0,R,N
34,28,0.11668,0,26,18,999,0,0,0,V,Q
23,3,0.1166,0,45,34,0,0,0,0,D,T
34,13,0.11644,0,26,26,0,0,0,0,V,V
45,29,0.11618,0,33,34,0,0,0,0,D,I
18,12,0.11477,0,21,24,999,0,0,0,K,S
43,18,0.11462,0,48,21,0,0,0,0,R,K
56,17,0.11444,0,20,43,0,0,0,0,N,K
32,26,0.11438,0,43,40,999,0,0,0,L,E
56,28,0.1135,0,20,18,0,0,0,0,N,Q
16,6,0.11331,0,93,91,0,0,0,0,A,P
45,28,0.11321,0,33,18,0,0,0,0,D,Q
61,52,0.11245,0,89,68,0,0,0,0,V,D
20,2,0.11241,0,93,81,0,0,0,0,I,K
59,11,0.11231,0,25,21,0,0,0,0,Q,K
10,2,0.11199,0,93,81,0,0,0,0,G,K
46,10,0.1116,0,95,93,0,0,0,0,R,G
25,14,0.11154,0,70,36,999,0,0,0,P,E
21,8,0.11143,0,28,66,0,0,0,0,L,L
62,44,0.11105,0,20,32,0,0,0,0,R,I
45,36,0.11059,0,33,36,0,0,0,0,D,T
20,6,0.11026,0,93,91,0,0,0,0,I,P
32,22,0.10994,0,43,27,0,0,0,0,L,Q
62,52,0.10893,0,20,68,0,0,0,0,R,D
44,28,0.10818,0,32,18,0,0,0,0,I,Q
20,7,0.10772,0,93,89,0,0,0,0,I,E
64,58,0.10763,0,80,34,0,0,0,0,G,A
52,36,0.10747,0,68,36,0,0,0,0,D,T
53,37,0.10719,0,16,33,0,0,0,0,K,I
49,13,0.10706,0,47,26,0,0,0,0,L,V
47,6,0.10693,0,95,91,0,0,0,0,V,P
20,9,0.10619,0,93,70,0,0,0,0,I,V
47,27,0.10586,0,95,46,0,0,0,0,V,A
45,19,0.10561,0,33,24,0,0,0,0,D,V
40,11,0.10537,0,20,21,0,0,0,0,M,K
48,33,0.10509,0,64,49,0,0,0,0,R,P
46,6,0.10508,0,95,91,0,0,0,0,R,P
27,5,0.10456,0,46,93,0,0,0,0,A,W
36,12,0.10328,0,36,24,0,0,0,0,T,S
28,22,0.10262,0,18,27,0,0,0,0,Q,Q
45,21,0.10258,0,33,28,0,0,0,0,D,L
32,15,0.10239,0,43,35,0,0,0,0,L,E
40,28,0.10215,0,20,18,0,0,0,0,M,Q
29,10,0.10206,0,34,93,0,0,0,0,I,G
51,21,0.10172,0,63,28,0,0,0,0,V,L
64,7,0.10152,0,80,89,0,0,0,0,G,E
57,50,0.10146,0,81,50,0,0,0,0,I,F
54,45,0.10069,0,16,33,0,0,0,0,L,D
39,30,0.10042,0,61,22,0,0,0,0,T,I
28,14,0.10026,0,18,36,0,0,0,0,Q,E
52,34,0.10001,0,68,26,0,0,0,0,D,V
35,15,0.099942,0,78,35,0,0,0,0,G,E
37,14,0.09972,0,33,36,0,0,0,0,I,E
60,40,0.099392,0,32,20,0,0,0,0,V,M
47,20,0.099371,0,95,93,0,0,0,0,V,I
30,12,0.098139,0,22,24,0,0,0,0,I,S
44,8,0.097717,0,32,66,0,0,0,0,I,L
26,12,0.097559,0,40,24,0,0,0,0,E,S
46,16,0.097505,0,95,93,0,0,0,0,R,A
60,22,0.096614,0,32,27,0,0,0,0,V,Q
32,25,0.096253,0,43,70,999,0,0,0,L,P
54,22,0.095545,0,16,27,0,0,0,0,L,Q
60,18,0.095498,0,32,21,0,0,0,0,V,K
52,7,0.095411,0,68,89,0,0,0,0,D,E
57,10,0.094889,0,81,93,0,0,0,0,I,G
59,40,0.094192,0,25,20,0,0,0,0,Q,M
62,45,0.093745,0,20,33,0,0,0,0,R,D
58,36,0.092765,0,34,36,0,0,0,0,A,T
42,30,0.09259,0,45,22,0,0,0,0,Y,I
36,21,0.092457,0,36,28,0,0,0,0,T,L
55,28,0.092448,0,36,18,0,0,0,0,D,Q
31,12,0.092408,0,51,24,0,0,0,0,V,S
61,6,0.092309,0,89,91,0,0,0,0,V,P
35,4,0.091951,0,78,59,0,0,0,0,G,E
17,11,0.091866,0,43,21,0,0,0,0,K,K
24,16,0.091773,0,36,93,999,0,0,0,K,A
56,23,0.091611,0,20,45,0,0,0,0,N,D
49,20,0.091606,0,47,93,0,0,0,0,L,I
28,17,0.091129,0,18,43,0,0,0,0,Q,K
30,14,0.090642,0,22,36,0,0,0,0,I,E
64,35,0.089362,0,80,78,0,0,0,0,G,G
61,20,0.089293,0,89,93,0,0,0,0,V,I
51,17,0.089291,0,63,43,0,0,0,0,V,K
61,48,0.089264,0,89,64,0,0,0,0,V,R
34,26,0.089047,0,26,40,0,0,0,0,V,E
44,19,0.088289,0,32,24,0,0,0,0,I,V
46,20,0.087997,0,95,93,0,0,0,0,R,I
31,14,0.087907,0,51,36,0,0,0,0,V,E
51,45,0.087721,0,63,33,999,0,0,0,V,D
61,16,0.08765,0,89,93,0,0,0,0,V,A
54,39,0.087527,0,16,61,0,0,0,0,L,T
30,24,0.087346,0,22,36,0,0,0,0,I,K
59,53,0.086739,0,25,16,0,0,0,0,Q,K
30,21,0.086198,0,22,28,0,0,0,0,I,L
64,10,0.08595,0,80,93,0,0,0,0,G,G
33,25,0.085896,0,49,70,999,0,0,0,P,P
49,28,0.0855,0,47,18,0,0,0,0,L,Q
55,31,0.085371,0,36,51,0,0,0,0,D,V
64,20,0.085129,0,80,93,0,0,0,0,G,I
40,9,0.084829,0,20,70,0,0,0,0,M,V
59,37,0.084758,0,25,33,0,0,0,0,Q,I
62,28,0.084687,0,20,18,0,0,0,0,R,Q
54,17,0.083686,0,16,43,0,0,0,0,L,K
54,21,0.083305,0,16,28,0,0,0,0,L,L
56,14,0.083035,0,20,36,0,0,0,0,N,E
41,34,0.08286,0,64,26,0,0,0,0,E,V
23,2,0.082593,0,45,81,0,0,0,0,D,K
63,44,0.082339,0,42,32,0,0,0,0,V,I
41,10,0.082084,0,64,93,0,0,0,0,E,G
54,23,0.081281,0,16,45,0,0,0,0,L,D
28,21,0.081181,0,18,28,0,0,0,0,Q,L
61,49,0.08112,0,89,47,0,0,0,0,V,L
54,9,0.080633,0,16,70,0,0,0,0,L,V
41,17,0.080482,0,64,43,0,0,0,0,E,K
55,18,0.080462,0,36,21,0,0,0,0,D,K
50,41,0.079992,0,50,64,0,0,0,0,F,E
54,12,0.079691,0,16,24,0,0,0,0,L,S
61,7,0.079467,0,89,89,0,0,0,0,V,E
53,17,0.079305,0,16,43,0,0,0,0,K,K
24,2,0.078851,0,36,81,0,0,0,0,K,K
56,50,0.078689,0,20,50,0,0,0,0,N,F
55,45,0.078107,0,36,33,0,0,0,0,D,D
64,41,0.077734,0,80,64,0,0,0,0,G,E
49,14,0.077411,0,47,36,0,0,0,0,L,E
28,8,0.077394,0,18,66,0,0,0,0,Q,L
39,29,0.077255,0,61,34,0,0,0,0,T,I
51,44,0.077166,0,63,32,999,0,0,0,V,I
60,34,0.077101,0,32,26,0,0,0,0,V,V
43,28,0.076816,0,48,18,0,0,0,0,R,Q
57,29,0.076475,0,81,34,0,0,0,0,I,I
54,25,0.076191,0,16,70,0,0,0,0,L,P
63,16,0.075463,0,42,93,0,0,0,0,V,A
60,51,0.075383,0,32,63,0,0,0,0,V,V
63,24,0.075177,0,42,36,0,0,0,0,V,K
20,8,0.075014,0,93,66,0,0,0,0,I,L
58,51,0.07493,0,34,63,0,0,0,0,A,V
54,42,0.074085,0,16,45,0,0,0,0,L,Y
45,25,0.07406,0,33,70,0,0,0,0,D,P
54,13,0.073955,0,16,26,0,0,0,0,L,V
48,40,0.073869,0,64,20,0,0,0,0,R,M
62,15,0.073777,0,20,35,0,0,0,0,R,E
57,2,0.073679,0,81,81,0,0,0,0,I,K
52,2,0.073492,0,68,81,0,0,0,0,D,K
62,11,0.073245,0,20,21,0,0,0,0,R,K
27,18,0.072293,0,46,21,0,0,0,0,A,K
40,30,0.07131,0,20,22,0,0,0,0,M,I
53,33,0.071225,0,16,49,0,0,0,0,K,P
63,47,0.07096,0,42,95,0,0,0,0,V,V
38,14,0.070925,0,68,36,0,0,0,0,V,E
51,38,0.07088,0,63,68,0,0,0,0,V,V
64,4,0.07088,0,80,59,0,0,0,0,G,E
33,14,0.070482,0,49,36,0,0,0,0,P,E
30,6,0.069629,0,22,91,0,0,0,0,I,P
43,27,0.069592,0,48,46,0,0,0,0,R,A
48,23,0.069559,0,64,45,0,0,0,0,R,D
40,26,0.068717,0,20,40,0,0,0,0,M,E
34,14,0.068627,0,26,36,0,0,0,0,V,E
21,15,0.068514,0,28,35,999,0,0,0,L,E
36,30,0.067529,0,36,22,999,0,0,0,T,I
48,36,0.067321,0,64,36,0,0,0,0,R,T
49,30,0.067295,0,47,22,0,0,0,0,L,I
64,2,0.06659,0,80,81,0,0,0,0,G,K
29,6,0.066433,0,34,91,0,0,0,0,I,P
35,14,0.065836,0,78,36,0,0,0,0,G,E
53,12,0.064846,0,16,24,0,0,0,0,K,S
59,15,0.064796,0,25,35,0,0,0,0,Q,E
55,41,0.064766,0,36,64,0,0,0,0,D,E
63,55,0.064578,0,42,36,0,0,0,0,V,D
53,45,0.064494,0,16,33,0,0,0,0,K,D
46,7,0.064345,0,95,89,0,0,0,0,R,E
58,41,0.063384,0,34,64,0,0,0,0,A,E
52,3,0.06301,0,68,34,0,0,0,0,D,T
27,20,0.062944,0,46,93,0,0,0,0,A,I
47,8,0.0629,0,95,66,0,0,0,0,V,L
62,42,0.062592,0,20,45,0,0,0,0,R,Y
36,24,0.061276,0,36,36,0,0,0,0,T,K
62,3,0.060949,0,20,34,0,0,0,0,R,T
49,10,0.06093,0,47,93,0,0,0,0,L,G
26,18,0.060561,0,40,21,0,0,0,0,E,K
58,28,0.060488,0,34,18,0,0,0,0,A,Q
54,36,0.060035,0,16,36,0,0,0,0,L,T
58,40,0.060014,0,34,20,0,0,0,0,A,M
44,22,0.059751,0,32,27,0,0,0,0,I,Q
19,6,0.059699,0,24,91,0,0,0,0,V,P
49,6,0.058928,0,47,91,0,0,0,0,L,P
50,23,0.058578,0,50,45,0,0,0,0,F,D
47,16,0.058376,0,95,93,0,0,0,0,V,A
45,39,0.058319,0,33,61,0,0,0,0,D,T
50,31,0.058293,0,50,51,0,0,0,0,F,V
15,3,0.058162,0,35,34,0,0,0,0,E,T
55,35,0.057999,0,36,78,0,0,0,0,D,G
33,22,0.057984,0,49,27,0,0,0,0,P,Q
38,31,0.057651,0,68,51,0,0,0,0,V,V
50,39,0.057274,0,50,61,0,0,0,0,F,T
31,11,0.056927,0,51,21,0,0,0,0,V,K
36,22,0.056807,0,36,27,0,0,0,0,T,Q
49,36,0.056706,0,47,36,0,0,0,0,L,T
21,12,0.056307,0,28,24,999,0,0,0,L,S
31,25,0.056069,0,51,70,999,0,0,0,V,P
48,14,0.05579,0,64,36,0,0,0,0,R,E
53,4,0.055766,0,16,59,0,0,0,0,K,E
54,32,0.055702,0,16,43,0,0,0,0,L,L
58,21,0.055469,0,34,28,0,0,0,0,A,L
24,11,0.055452,0,36,21,0,0,0,0,K,K
53,39,0.055303,0,16,61,0,0,0,0,K,T
30,4,0.054645,0,22,59,0,0,0,0,I,E
30,16,0.053847,0,22,93,0,0,0,0,I,A
54,34,0.053529,0,16,26,0,0,0,0,L,V
43,29,0.053486,0,48,34,0,0,0,0,R,I
57,17,0.052473,0,81,43,0,0,0,0,I,K
26,9,0.052337,0,40,70,0,0,0,0,E,V
38,4,0.052129,0,68,59,0,0,0,0,V,E
36,28,0.051327,0,36,18,999,0,0,0,T,Q
35,9,0.051131,0,78,70,0,0,0,0,G,V
56,18,0.050341,0,20,21,0,0,0,0,N,K
34,15,0.050035,0,26,35,0,0,0,0,V,E
37,31,0.049553,0,33,51,0,0,0,0,I,V
21,13,0.049415,0,28,26,999,0,0,0,L,V
50,33,0.049366,0,50,49,0,0,0,0,F,P
48,29,0.049245,0,64,34,0,0,0,0,R,I
61,44,0.049119,0,89,32,0,0,0,0,V,I
63,53,0.04893,0,42,16,0,0,0,0,V,K
58,9,0.048667,0,34,70,0,0,0,0,A,V
51,36,0.048662,0,63,36,0,0,0,0,V,T
34,19,0.048575,0,26,24,0,0,0,0,V,V
53,19,0.048532,0,16,24,0,0,0,0,K,V
22,9,0.048486,0,27,70,0,0,0,0,Q,V
60,26,0.048232,0,32,40,0,0,0,0,V,E
28,19,0.04813,0,18,24,0,0,0,0,Q,V
60,43,0.047798,0,32,48,0,0,0,0,V,R
55,27,0.047645,0,36,46,0,0,0,0,D,A
55,14,0.047335,0,36,36,0,0,0,0,D,E
33,23,0.046839,0,49,45,0,0,0,0,P,D
49,7,0.046763,0,47,89,0,0,0,0,L,E
35,8,0.046282,0,78,66,0,0,0,0,G,L
57,23,0.046219,0,81,45,0,0,0,0,I,D
44,11,0.045999,0,32,21,0,0,0,0,I,K
64,25,0.045371,0,80,70,0,0,0,0,G,P
45,13,0.045135,0,33,26,0,0,0,0,D,V
49,26,0.045112,0,47,40,0,0,0,0,L,E
47,39,0.044673,0,95,61,0,0,0,0,V,T
26,20,0.044429,0,40,93,0,0,0,0,E,I
64,11,0.044316,0,80,21,0,0,0,0,G,K
54,18,0.044186,0,16,21,0,0,0,0,L,K
47,41,0.043825,0,95,64,0,0,0,0,V,E
43,16,0.042931,0,48,93,0,0,0,0,R,A
44,26,0.042613,0,32,40,0,0,0,0,I,E
61,50,0.042416,0,89,50,0,0,0,0,V,F
34,18,0.042394,0,26,21,0,0,0,0,V,K
55,3,0.041667,0,36,34,0,0,0,0,D,T
38,30,0.041384,0,68,22,0,0,0,0,V,I
45,26,0.041339,0,33,40,0,0,0,0,D,E
62,24,0.041078,0,20,36,0,0,0,0,R,K
32,21,0.040958,0,43,28,0,0,0,0,L,L
46,35,0.040532,0,95,78,0,0,0,0,R,G
31,23,0.040428,0,51,45,0,0,0,0,V,D
64,42,0.040329,0,80,45,0,0,0,0,G,Y
59,36,0.040251,0,25,36,0,0,0,0,Q,T
27,13,0.039899,0,46,26,0,0,0,0,A,V
51,42,0.039677,0,63,45,999,0,0,0,V,Y
39,21,0.039367,0,61,28,0,0,0,0,T,L
44,27,0.039242,0,32,46,0,0,0,0,I,A
52,37,0.039234,0,68,33,0,0,0,0,D,I
52,17,0.038667,0,68,43,0,0,0,0,D,K
14,7,0.038589,0,36,89,0,0,0,0,E,E
28,11,0.038527,0,18,21,0,0,0,0,Q,K
57,44,0.0385,0,81,32,0,0,0,0,I,I
52,5,0.038233,0,68,93,0,0,0,0,D,W
40,3,0.038187,0,20,34,0,0,0,0,M,T
30,18,0.038099,0,22,21,0,0,0,0,I,K
50,25,0.037928,0,50,70,0,0,0,0,F,P
56,45,0.037899,0,20,33,0,0,0,0,N,D
27,11,0.036804,0,46,21,0,0,0,0,A,K
47,11,0.036541,0,95,21,0,0,0,0,V,K
24,15,0.036127,0,36,35,999,0,0,0,K,E
64,40,0.036096,0,80,20,0,0,0,0,G,M
52,35,0.036086,0,68,78,0,0,0,0,D,G
8,2,0.035913,0,66,81,0,0,0,0,L,K
49,4,0.035835,0,47,59,0,0,0,0,L,E
25,18,0.035547,0,70,21,999,0,0,0,P,K
22,13,0.035532,0,27,26,999,0,0,0,Q,V
56,30,0.035415,0,20,22,0,0,0,0,N,I
53,38,0.035379,0,16,68,0,0,0,0,K,V
55,16,0.035373,0,36,93,0,0,0,0,D,A
50,21,0.035222,0,50,28,0,0,0,0,F,L
58,20,0.035176,0,34,93,0,0,0,0,A,I
48,8,0.035054,0,64,66,0,0,0,0,R,L
62,9,0.03499,0,20,70,0,0,0,0,R,V
44,32,0.034839,0,32,43,0,0,0,0,I,L
57,7,0.034513,0,81,89,0,0,0,0,I,E
51,29,0.034482,0,63,34,0,0,0,0,V,I
31,24,0.034418,0,51,36,0,0,0,0,V,K
40,32,0.03438,0,20,43,0,0,0,0,M,L
15,4,0.03426,0,35,59,0,0,0,0,E,E
48,28,0.034028,0,64,18,0,0,0,0,R,Q
42,13,0.033935,0,45,26,0,0,0,0,Y,V
47,35,0.033721,0,95,78,0,0,0,0,V,G
57,27,0.033693,0,81,46,0,0,0,0,I,A
50,18,0.03368,0,50,21,0,0,0,0,F,K
53,28,0.033225,0,16,18,0,0,0,0,K,Q
44,31,0.033046,0,32,51,0,0,0,0,I,V
16,8,0.032851,0,93,66,0,0,0,0,A,L
64,49,0.032691,0,80,47,0,0,0,0,G,L
51,12,0.032596,0,63,24,0,0,0,0,V,S
44,3,0.032371,0,32,34,0,0,0,0,I,T
61,8,0.031676,0,89,66,0,0,0,0,V,L
32,14,0.031164,0,43,36,0,0,0,0,L,E
27,15,0.031038,0,46,35,0,0,0,0,A,E
62,14,0.030764,0,20,36,0,0,0,0,R,E
58,50,0.030298,0,34,50,0,0,0,0,A,F
56,40,0.030292,0,20,20,0,0,0,0,N,M
28,10,0.030279,0,18,93,0,0,0,0,Q,G
52,24,0.030147,0,68,36,0,0,0,0,D,K
53,36,0.029667,0,16,36,0,0,0,0,K,T
59,28,0.029483,0,25,18,0,0,0,0,Q,Q
60,4,0.028972,0,32,59,0,0,0,0,V,E
44,38,0.028805,0,32,68,0,0,0,0,I,V
29,3,0.028581,0,34,34,0,0,0,0,I,T
51,23,0.028076,0,63,45,0,0,0,0,V,D
56,36,0.028011,0,20,36,0,0,0,0,N,T
54,31,0.027866,0,16,51,0,0,0,0,L,V
51,37,0.027785,0,63,33,0,0,0,0,V,I
29,18,0.027652,0,34,21,0,0,0,0,I,K
52,27,0.027638,0,68,46,0,0,0,0,D,A
42,23,0.027468,0,45,45,0,0,0,0,Y,D
41,22,0.027283,0,64,27,0,0,0,0,E,Q
54,11,0.02694,0,16,21,0,0,0,0,L,K
30,23,0.026906,0,22,45,0,0,0,0,I,D
55,36,0.026707,0,36,36,0,0,0,0,D,T
44,13,0.026627,0,32,26,0,0,0,0,I,V
26,17,0.026425,0,40,43,0,0,0,0,E,K
62,26,0.026188,0,20,40,0,0,0,0,R,E
27,12,0.026126,0,46,24,0,0,0,0,A,S
49,34,0.025942,0,47,26,0,0,0,0,L,V
52,32,0.025462,0,68,43,0,0,0,0,D,L
41,11,0.025385,0,64,21,0,0,0,0,E,K
59,41,0.025177,0,25,64,0,0,0,0,Q,E
9,2,0.025029,0,70,81,0,0,0,0,V,K
48,15,0.024329,0,64,35,0,0,0,0,R,E
49,21,0.024307,0,47,28,0,0,0,0,L,L
38,18,0.024256,0,68,21,0,0,0,0,V,K
55,17,0.024207,0,36,43,0,0,0,0,D,K
16,9,0.024171,0,93,70,0,0,0,0,A,V
53,26,0.024167,0,16,40,0,0,0,0,K,E
25,19,0.024005,0,70,24,0,0,0,0,P,V
25,5,0.023807,0,70,93,0,0,0,0,P,W
35,21,0.023566,0,78,28,0,0,0,0,G,L
59,50,0.023439,0,25,50,0,0,0,0,Q,F
42,5,0.022914,0,45,93,0,0,0,0,Y,W
23,10,0.022766,0,45,93,999,0,0,0,D,G
37,30,0.022624,0,33,22,0,0,0,0,I,I
50,36,0.022169,0,50,36,0,0,0,0,F,T
43,24,0.021962,0,48,36,0,0,0,0,R,K
40,33,0.021659,0,20,49,0,0,0,0,M,P
48,42,0.021436,0,64,45,0,0,0,0,R,Y
53,23,0.021409,0,16,45,0,0,0,0,K,D
56,22,0.02139,0,20,27,0,0,0,0,N,Q
61,25,0.020999,0,89,70,0,0,0,0,V,P
28,18,0.020902,0,18,21,0,0,0,0,Q,K
28,13,0.020738,0,18,26,0,0,0,0,Q,V
43,17,0.020681,0,48,43,0,0,0,0,R,K
55,44,0.020643,0,36,32,0,0,0,0,D,I
15,9,0.020531,0,35,70,0,0,0,0,E,V
43,33,0.020508,0,48,49,0,0,0,0,R,P
50,12,0.020161,0,50,24,0,0,0,0,F,S
64,52,0.020008,0,80,68,0,0,0,0,G,D
33,13,0.019872,0,49,26,0,0,0,0,P,V
56,12,0.019527,0,20,24,0,0,0,0,N,S
48,31,0.018463,0,64,51,0,0,0,0,R,V
52,25,0.018423,0,68,70,0,0,0,0,D,P
50,17,0.018305,0,50,43,0,0,0,0,F,K
62,4,0.018305,0,20,59,0,0,0,0,R,E
61,27,0.018197,0,89,46,0,0,0,0,V,A
49,35,0.018041,0,47,78,0,0,0,0,L,G
50,26,0.017999,0,50,40,0,0,0,0,F,E
30,2,0.017947,0,22,81,0,0,0,0,I,K
26,3,0.017945,0,40,34,0,0,0,0,E,T
53,22,0.017556,0,16,27,0,0,0,0,K,Q
53,35,0.017253,0,16,78,0,0,0,0,K,G
43,3,0.017222,0,48,34,0,0,0,0,R,T
53,34,0.017208,0,16,26,0,0,0,0,K,V
56,3,0.016592,0,20,34,0,0,0,0,N,T
59,33,0.016515,0,25,49,0,0,0,0,Q,P
27,3,0.016358,0,46,34,0,0,0,0,A,T
63,5,0.016344,0,42,93,0,0,0,0,V,W
60,38,0.016131,0,32,68,0,0,0,0,V,V
30,3,0.016007,0,22,34,0,0,0,0,I,T
43,22,0.015891,0,48,27,0,0,0,0,R,Q
28,12,0.015886,0,18,24,0,0,0,0,Q,S
61,9,0.015857,0,89,70,0,0,0,0,V,V
49,9,0.015799,0,47,70,0,0,0,0,L,V
48,27,0.015085,0,64,46,0,0,0,0,R,A
54,26,0.01452,0,16,40,0,0,0,0,L,E
31,16,0.01439,0,51,93,0,0,0,0,V,A
37,22,0.014342,0,33,27,0,0,0,0,I,Q
50,15,0.014236,0,50,35,0,0,0,0,F,E
56,37,0.014173,0,20,33,0,0,0,0,N,I
64,9,0.014172,0,80,70,0,0,0,0,G,V
62,34,0.014163,0,20,26,0,0,0,0,R,V
48,13,0.01385,0,64,26,0,0,0,0,R,V
22,15,0.013312,0,27,35,999,0,0,0,Q,E
37,4,0.013199,0,33,59,0,0,0,0,I,E
46,8,0.012979,0,95,66,0,0,0,0,R,L
42,7,0.012862,0,45,89,0,0,0,0,Y,E
43,13,0.012596,0,48,26,0,0,0,0,R,V
51,19,0.01258,0,63,24,0,0,0,0,V,V
51,34,0.012474,0,63,26,0,0,0,0,V,V
38,28,0.012368,0,68,18,0,0,0,0,V,Q
39,19,0.012205,0,61,24,0,0,0,0,T,V
49,16,0.011354,0,47,93,0,0,0,0,L,A
58,46,0.011348,0,34,95,0,0,0,0,A,R
14,4,0.011202,0,36,59,0,0,0,0,E,E
27,2,0.01119,0,46,81,0,0,0,0,A,K
44,2,0.011044,0,32,81,0,0,0,0,I,K
49,8,0.010817,0,47,66,0,0,0,0,L,L
57,4,0.010617,0,81,59,0,0,0,0,I,E
20,3,0.010503,0,93,34,0,0,0,0,I,T
60,27,0.010486,0,32,46,0,0,0,0,V,A
52,20,0.010457,0,68,93,0,0,0,0,D,I
37,11,0.0098672,0,33,21,0,0,0,0,I,K
55,22,0.0098409,0,36,27,0,0,0,0,D,Q
43,31,0.0097328,0,48,51,0,0,0,0,R,V
32,12,0.0092826,0,43,24,0,0,0,0,L,S
53,27,0.009275,0,16,46,0,0,0,0,K,A
51,4,0.0086262,0,63,59,0,0,0,0,V,E
55,21,0.008605,0,36,28,0,0,0,0,D,L
54,48,0.0079755,0,16,64,999,0,0,0,L,R
38,8,0.0078516,0,68,66,0,0,0,0,V,L
21,3,0.0077483,0,28,34,0,0,0,0,L,T
36,26,0.0074267,0,36,40,0,0,0,0,T,E
46,31,0.0073961,0,95,51,0,0,0,0,R,V
63,25,0.0068327,0,42,70,0,0,0,0,V,P
52,16,0.0066685,0,68,93,0,0,0,0,D,A
44,17,0.0062628,0,32,43,0,0,0,0,I,K
56,9,0.0060249,0,20,70,0,0,0,0,N,V
50,29,0.0058477,0,50,34,0,0,0,0,F,I
43,30,0.0057835,0,48,22,0,0,0,0,R,I
46,9,0.0057258,0,95,70,0,0,0,0,R,V
33,18,0.0055884,0,49,21,0,0,0,0,P,K
46,38,0.0051973,0,95,68,0,0,0,0,R,V
37,2,0.0051412,0,33,81,0,0,0,0,I,K
29,12,0.0051339,0,34,24,0,0,0,0,I,S
36,3,0.0048335,0,36,34,0,0,0,0,T,T
33,26,0.0047432,0,49,40,999,0,0,0,P,E
33,19,0.0046356,0,49,24,0,0,0,0,P,V
56,4,0.0046263,0,20,59,0,0,0,0,N,E
63,39,0.0045678,0,42,61,0,0,0,0,V,T
46,23,0.0044943,0,95,45,0,0,0,0,R,D
39,15,0.0044427,0,61,35,0,0,0,0,T,E
52,26,0.0040291,0,68,40,0,0,0,0,D,E
64,8,0.003811,0,80,66,0,0,0,0,G,L
60,3,0.003696,0,32,34,0,0,0,0,V,T
53,43,0.003204,0,16,48,0,0,0,0,K,R
36,2,0.0028591,0,36,81,0,0,0,0,T,K
24,18,0.0026722,0,36,21,999,0,0,0,K,K
29,23,0.0026218,0,34,45,0,0,0,0,I,D
34,22,0.0026201,0,26,27,0,0,0,0,V,Q
41,2,0.0025243,0,64,81,0,0,0,0,E,K
59,44,0.0024721,0,25,32,0,0,0,0,Q,I
42,33,0.0023682,0,45,49,0,0,0,0,Y,P
40,22,0.0021945,0,20,27,0,0,0,0,M,Q
60,35,0.0016248,0,32,78,0,0,0,0,V,G
42,24,0.0015542,0,45,36,0,0,0,0,Y,K
40,18,0.0014693,0,20,21,0,0,0,0,M,K
35,6,0.001218,0,78,91,0,0,0,0,G,P
40,19,0.00096272,0,20,24,0,0,0,0,M,V
62,36,0.00077655,0,20,36,0,0,0,0,R,T
58,25,0.00049393,0,34,70,0,0,0,0,A,P
33,17,4.9605e-07,0,49,43,0,0,0,0,P,K
64,24,-0.00023806,0,80,36,0,0,0,0,G,K
19,7,-0.0005436,0,24,89,0,0,0,0,V,E
56,15,-0.00070131,0,20,35,0,0,0,0,N,E
32,18,-0.00093443,0,43,21,0,0,0,0,L,K
25,8,-0.00094263,0,70,66,0,0,0,0,P,L
38,13,-0.0011597,0,68,26,0,0,0,0,V,V
55,47,-0.0013834,0,36,95,0,0,0,0,D,V
41,29,-0.0014414,0,64,34,0,0,0,0,E,I
47,25,-0.0014746,0,95,70,0,0,0,0,V,P
32,17,-0.00158,0,43,43,0,0,0,0,L,K
55,34,-0.0017713,0,36,26,0,0,0,0,D,V
55,33,-0.0020069,0,36,49,0,0,0,0,D,P
51,28,-0.0023543,0,63,18,0,0,0,0,V,Q
56,42,-0.0024139,0,20,45,0,0,0,0,N,Y
14,3,-0.0025486,0,36,34,0,0,0,0,E,T
40,15,-0.0026056,0,20,35,0,0,0,0,M,E
59,21,-0.0028327,0,25,28,0,0,0,0,Q,L
64,55,-0.0035838,0,80,36,0,0,0,0,G,D
38,17,-0.0036044,0,68,43,0,0,0,0,V,K
39,32,-0.0036152,0,61,43,0,0,0,0,T,L
56,48,-0.0041151,0,20,64,0,0,0,0,N,R
42,35,-0.0041702,0,45,78,0,0,0,0,Y,G
58,17,-0.0041744,0,34,43,0,0,0,0,A,K
47,13,-0.0044569,0,95,26,0,0,0,0,V,V
30,19,-0.004773,0,22,24,0,0,0,0,I,V
24,5,-0.005179,0,36,93,0,0,0,0,K,W
35,7,-0.0053943,0,78,89,0,0,0,0,G,E
49,31,-0.0054642,0,47,51,0,0,0,0,L,V
63,46,-0.0054865,0,42,95,0,0,0,0,V,R
45,8,-0.0055977,0,33,66,0,0,0,0,D,L
52,30,-0.005758,0,68,22,0,0,0,0,D,I
64,43,-0.0057655,0,80,48,0,0,0,0,G,R
40,25,-0.005871,0,20,70,0,0,0,0,M,P
50,2,-0.0061507,0,50,81,0,0,0,0,F,K
39,5,-0.0061574,0,61,93,0,0,0,0,T,W
42,11,-0.0062528,0,45,21,0,0,0,0,Y,K
59,10,-0.0062701,0,25,93,0,0,0,0,Q,G
55,38,-0.0065342,0,36,68,0,0,0,0,D,V
57,39,-0.0065715,0,81,61,0,0,0,0,I,T
63,26,-0.0066148,0,42,40,0,0,0,0,V,E
60,31,-0.006771,0,32,51,0,0,0,0,V,V
60,11,-0.0069591,0,32,21,0,0,0,0,V,K
60,37,-0.0071389,0,32,33,0,0,0,0,V,I
28,20,-0.0072695,0,18,93,0,0,0,0,Q,I
57,9,-0.0073164,0,81,70,0,0,0,0,I,V
24,12,-0.0076004,0,36,24,999,0,0,0,K,S
17,4,-0.0077227,0,43,59,0,0,0,0,K,E
53,46,-0.0077944,0,16,95,999,0,0,0,K,R
63,31,-0.0078826,0,42,51,0,0,0,0,V,V
60,8,-0.0080455,0,32,66,0,0,0,0,V,L
31,21,-0.0081306,0,51,28,0,0,0,0,V,L
29,7,-0.0082456,0,34,89,0,0,0,0,I,E
25,3,-0.0085588,0,70,34,0,0,0,0,P,T
41,21,-0.0085857,0,64,28,0,0,0,0,E,L
49,11,-0.0086505,0,47,21,0,0,0,0,L,K
21,4,-0.0090978,0,28,59,0,0,0,0,L,E
58,26,-0.009204,0,34,40,0,0,0,0,A,E
63,34,-0.009234,0,42,26,0,0,0,0,V,V
33,4,-0.0093102,0,49,59,0,0,0,0,P,E
34,17,-0.0093173,0,26,43,0,0,0,0,V,K
37,26,-0.0093602,0,33,40,0,0,0,0,I,E
50,30,-0.010255,0,50,22,0,0,0,0,F,I
47,32,-0.010294,0,95,43,0,0,0,0,V,L
54,2,-0.010312,0,16,81,0,0,0,0,L,K
59,25,-0.01041,0,25,70,0,0,0,0,Q,P
44,23,-0.010613,0,32,45,0,0,0,0,I,D
51,40,-0.010952,0,63,20,0,0,0,0,V,M
19,5,-0.010977,0,24,93,0,0,0,0,V,W
63,9,-0.011053,0,42,70,0,0,0,0,V,V
51,35,-0.011315,0,63,78,0,0,0,0,V,G
26,15,-0.011443,0,40,35,0,0,0,0,E,E
39,16,-0.011601,0,61,93,0,0,0,0,T,A
25,6,-0.011687,0,70,91,0,0,0,0,P,P
60,14,-0.012006,0,32,36,0,0,0,0,V,E
44,36,-0.012223,0,32,36,0,0,0,0,I,T
52,43,-0.012347,0,68,48,0,0,0,0,D,R
28,3,-0.012613,0,18,34,0,0,0,0,Q,T
10,4,-0.012796,0,93,59,0,0,0,0,G,E
60,12,-0.012813,0,32,24,0,0,0,0,V,S
49,18,-0.01299,0,47,21,0,0,0,0,L,K
48,16,-0.013009,0,64,93,0,0,0,0,R,A
62,55,-0.013219,0,20,36,0,0,0,0,R,D
55,12,-0.013335,0,36,24,0,0,0,0,D,S
46,18,-0.01342,0,95,21,0,0,0,0,R,K
23,11,-0.013725,0,45,21,999,0,0,0,D,K
34,11,-0.013727,0,26,21,0,0,0,0,V,K
30,11,-0.01383,0,22,21,0,0,0,0,I,K
57,13,-0.013869,0,81,26,0,0,0,0,I,V
53,6,-0.01388,0,16,91,0,0,0,0,K,P
63,6,-0.014064,0,42,91,0,0,0,0,V,P
58,7,-0.014387,0,34,89,0,0,0,0,A,E
51,15,-0.014403,0,63,35,0,0,0,0,V,E
39,6,-0.01469,0,61,91,0,0,0,0,T,P
57,45,-0.014876,0,81,33,0,0,0,0,I,D
54,37,-0.015036,0,16,33,0,0,0,0,L,I
30,9,-0.01525,0,22,70,0,0,0,0,I,V
50,3,-0.015427,0,50,34,0,0,0,0,F,T
38,10,-0.015891,0,68,93,0,0,0,0,V,G
35,5,-0.016158,0,78,93,0,0,0,0,G,W
40,17,-0.01638,0,20,43,0,0,0,0,M,K
59,26,-0.016497,0,25,40,0,0,0,0,Q,E
35,16,-0.017125,0,78,93,0,0,0,0,G,A
18,3,-0.017136,0,21,34,0,0,0,0,K,T
49,15,-0.017177,0,47,35,0,0,0,0,L,E
32,24,-0.017398,0,43,36,0,0,0,0,L,K
41,32,-0.017699,0,64,43,0,0,0,0,E,L
23,13,-0.017821,0,45,26,999,0,0,0,D,V
38,15,-0.018173,0,68,35,0,0,0,0,V,E
36,18,-0.018224,0,36,21,0,0,0,0,T,K
44,35,-0.018698,0,32,78,0,0,0,0,I,G
60,50,-0.019116,0,32,50,0,0,0,0,V,F
64,29,-0.019162,0,80,34,0,0,0,0,G,I
51,24,-0.019186,0,63,36,0,0,0,0,V,K
26,19,-0.019401,0,40,24,0,0,0,0,E,V
50,7,-0.019663,0,50,89,0,0,0,0,F,E
43,26,-0.019812,0,48,40,0,0,0,0,R,E
55,25,-0.019814,0,36,70,0,0,0,0,D,P
58,32,-0.020003,0,34,43,0,0,0,0,A,L
29,8,-0.020105,0,34,66,0,0,0,0,I,L
61,39,-0.020267,0,89,61,0,0,0,0,V,T
24,17,-0.020422,0,36,43,999,0,0,0,K,K
62,22,-0.020571,0,20,27,0,0,0,0,R,Q
37,13,-0.020581,0,33,26,0,0,0,0,I,V
24,6,-0.020665,0,36,91,0,0,0,0,K,P
41,12,-0.020702,0,64,24,0,0,0,0,E,S
50,6,-0.021039,0,50,91,0,0,0,0,F,P
51,25,-0.021088,0,63,70,0,0,0,0,V,P
29,5,-0.021177,0,34,93,0,0,0,0,I,W
50,34,-0.021275,0,50,26,0,0,0,0,F,V
59,14,-0.021452,0,25,36,0,0,0,0,Q,E
59,9,-0.021513,0,25,70,0,0,0,0,Q,V
53,41,-0.021567,0,16,64,0,0,0,0,K,E
58,12,-0.02185,0,34,24,0,0,0,0,A,S
57,24,-0.021936,0,81,36,0,0,0,0,I,K
37,20,-0.021989,0,33,93,0,0,0,0,I,I
41,5,-0.022011,0,64,93,0,0,0,0,E,W
60,10,-0.022083,0,32,93,0,0,0,0,V,G
58,2,-0.022178,0,34,81,0,0,0,0,A,K
35,25,-0.022273,0,78,70,0,0,0,0,G,P
28,15,-0.022274,0,18,35,0,0,0,0,Q,E
13,6,-0.022275,0,26,91,0,0,0,0,V,P
47,23,-0.022465,0,95,45,0,0,0,0,V,D
48,32,-0.022573,0,64,43,0,0,0,0,R,L
45,27,-0.022684,0,33,46,0,0,0,0,D,A
61,23,-0.022716,0,89,45,0,0,0,0,V,D
58,4,-0.022738,0,34,59,0,0,0,0,A,E
15,2,-0.022964,0,35,81,0,0,0,0,E,K
22,11,-0.022981,0,27,21,999,0,0,0,Q,K
29,4,-0.022994,0,34,59,0,0,0,0,I,E
41,9,-0.023006,0,64,70,0,0,0,0,E,V
57,25,-0.023143,0,81,70,0,0,0,0,I,P
60,15,-0.023188,0,32,35,0,0,0,0,V,E
42,34,-0.023294,0,45,26,0,0,0,0,Y,V
43,35,-0.023443,0,48,78,0,0,0,0,R,G
52,39,-0.023522,0,68,61,0,0,0,0,D,T
62,29,-0.023553,0,20,34,0,0,0,0,R,I
62,50,-0.023953,0,20,50,0,0,0,0,R,F
62,53,-0.02428,0,20,16,0,0,0,0,R,K
63,11,-0.024294,0,42,21,0,0,0,0,V,K
57,36,-0.024518,0,81,36,0,0,0,0,I,T
58,43,-0.02463,0,34,48,0,0,0,0,A,R
25,17,-0.024876,0,70,43,999,0,0,0,P,K
49,17,-0.025554,0,47,43,0,0,0,0,L,K
48,22,-0.025648,0,64,27,0,0,0,0,R,Q
42,6,-0.02578,0,45,91,0,0,0,0,Y,P
32,23,-0.025994,0,43,45,0,0,0,0,L,D
55,10,-0.026323,0,36,93,0,0,0,0,D,G
64,27,-0.026587,0,80,46,0,0,0,0,G,A
59,42,-0.02698,0,25,45,0,0,0,0,Q,Y
63,51,-0.026991,0,42,63,0,0,0,0,V,V
56,38,-0.02717,0,20,68,0,0,0,0,N,V
46,3,-0.027216,0,95,34,0,0,0,0,R,T
56,44,-0.027782,0,20,32,0,0,0,0,N,I
54,15,-0.027896,0,16,35,0,0,0,0,L,E
38,25,-0.027914,0,68,70,0,0,0,0,V,P
64,15,-0.028111,0,80,35,0,0,0,0,G,E
48,34,-0.02815,0,64,26,0,0,0,0,R,V
58,52,-0.028585,0,34,68,0,0,0,0,A,D
54,3,-0.028639,0,16,34,0,0,0,0,L,T
27,17,-0.028874,0,46,43,0,0,0,0,A,K
31,20,-0.028958,0,51,93,0,0,0,0,V,I
59,4,-0.029023,0,25,59,0,0,0,0,Q,E
35,18,-0.029147,0,78,21,0,0,0,0,G,K
58,44,-0.029166,0,34,32,0,0,0,0,A,I
50,20,-0.02932,0,50,93,0,0,0,0,F,I
37,17,-0.029413,0,33,43,0,0,0,0,I,K
58,3,-0.029448,0,34,34,0,0,0,0,A,T
63,57,-0.029523,0,42,81,999,0,0,0,V,I
53,21,-0.029633,0,16,28,0,0,0,0,K,L
46,29,-0.029868,0,95,34,0,0,0,0,R,I
52,40,-0.030106,0,68,20,0,0,0,0,D,M
54,44,-0.030528,0,16,32,0,0,0,0,L,I
58,49,-0.030618,0,34,47,0,0,0,0,A,L
52,4,-0.030732,0,68,59,0,0,0,0,D,E
56,39,-0.030892,0,20,61,0,0,0,0,N,T
63,52,-0.03104,0,42,68,0,0,0,0,V,D
56,26,-0.031241,0,20,40,0,0,0,0,N,E
51,43,-0.031298,0,63,48,999,0,0,0,V,R
54,14,-0.03143,0,16,36,0,0,0,0,L,E
36,4,-0.031461,0,36,59,0,0,0,0,T,E
44,10,-0.031501,0,32,93,0,0,0,0,I,G
55,5,-0.031514,0,36,93,0,0,0,0,D,W
55,26,-0.031614,0,36,40,0,0,0,0,D,E
59,13,-0.031708,0,25,26,0,0,0,0,Q,V
52,12,-0.031909,0,68,24,0,0,0,0,D,S
52,6,-0.032448,0,68,91,0,0,0,0,D,P
32,13,-0.032538,0,43,26,0,0,0,0,L,V
57,48,-0.033208,0,81,64,0,0,0,0,I,R
56,25,-0.033476,0,20,70,0,0,0,0,N,P
63,27,-0.033703,0,42,46,0,0,0,0,V,A
50,9,-0.033936,0,50,70,0,0,0,0,F,V
55,6,-0.03413,0,36,91,0,0,0,0,D,P
64,39,-0.034255,0,80,61,0,0,0,0,G,T
29,16,-0.034285,0,34,93,0,0,0,0,I,A
24,10,-0.034459,0,36,93,0,0,0,0,K,G
59,27,-0.03447,0,25,46,0,0,0,0,Q,A
33,27,-0.034519,0,49,46,999,0,0,0,P,A
61,51,-0.034718,0,89,63,0,0,0,0,V,V
48,5,-0.034741,0,64,93,0,0,0,0,R,W
18,8,-0.034968,0,21,66,0,0,0,0,K,L
27,10,-0.035019,0,46,93,0,0,0,0,A,G
55,24,-0.035042,0,36,36,0,0,0,0,D,K
60,44,-0.0351,0,32,32,0,0,0,0,V,I
44,21,-0.035892,0,32,28,0,0,0,0,I,L
52,22,-0.036473,0,68,27,0,0,0,0,D,Q
40,24,-0.036829,0,20,36,0,0,0,0,M,K
41,31,-0.036931,0,64,51,0,0,0,0,E,V
46,19,-0.037374,0,95,24,0,0,0,0,R,V
60,47,-0.037577,0,32,95,0,0,0,0,V,V
48,2,-0.037736,0,64,81,0,0,0,0,R,K
62,38,-0.037754,0,20,68,0,0,0,0,R,V
50,27,-0.03778,0,50,46,0,0,0,0,F,A
59,19,-0.038077,0,25,24,0,0,0,0,Q,V
43,34,-0.038164,0,48,26,0,0,0,0,R,V
60,46,-0.038283,0,32,95,0,0,0,0,V,R
42,2,-0.038301,0,45,81,0,0,0,0,Y,K
32,20,-0.039063,0,43,93,0,0,0,0,L,I
34,4,-0.039163,0,26,59,0,0,0,0,V,E
22,16,-0.039528,0,27,93,999,0,0,0,Q,A
49,24,-0.039654,0,47,36,0,0,0,0,L,K
62,39,-0.039712,0,20,61,0,0,0,0,R,T
29,14,-0.039719,0,34,36,0,0,0,0,I,E
18,7,-0.040097,0,21,89,0,0,0,0,K,E
39,26,-0.040135,0,61,40,0,0,0,0,T,E
57,41,-0.04019,0,81,64,0,0,0,0,I,E
59,35,-0.0405,0,25,78,0,0,0,0,Q,G
54,40,-0.040675,0,16,20,0,0,0,0,L,M
39,17,-0.040692,0,61,43,0,0,0,0,T,K
45,38,-0.040737,0,33,68,0,0,0,0,D,V
51,2,-0.040941,0,63,81,0,0,0,0,V,K
58,38,-0.040943,0,34,68,0,0,0,0,A,V
30,22,-0.04136,0,22,27,0,0,0,0,I,Q
26,5,-0.041448,0,40,93,0,0,0,0,E,W
45,18,-0.041688,0,33,21,0,0,0,0,D,K
26,4,-0.041777,0,40,59,0,0,0,0,E,E
25,11,-0.04194,0,70,21,0,0,0,0,P,K
52,23,-0.041975,0,68,45,0,0,0,0,D,D
42,16,-0.042035,0,45,93,0,0,0,0,Y,A
60,29,-0.042053,0,32,34,0,0,0,0,V,I
51,41,-0.042299,0,63,64,0,0,0,0,V,E
42,18,-0.043151,0,45,21,0,0,0,0,Y,K
57,34,-0.04343,0,81,26,0,0,0,0,I,V
51,10,-0.043985,0,63,93,0,0,0,0,V,G
61,24,-0.04399,0,89,36,0,0,0,0,V,K
61,12,-0.04406,0,89,24,0,0,0,0,V,S
47,24,-0.044155,0,95,36,0,0,0,0,V,K
45,16,-0.044301,0,33,93,0,0,0,0,D,A
50,10,-0.044419,0,50,93,0,0,0,0,F,G
42,27,-0.044514,0,45,46,0,0,0,0,Y,A
54,27,-0.04459,0,16,46,0,0,0,0,L,A
59,32,-0.044705,0,25,43,0,0,0,0,Q,L
61,42,-0.044842,0,89,45,0,0,0,0,V,Y
23,4,-0.04504,0,45,59,0,0,0,0,D,E
49,43,-0.045136,0,47,48,999,0,0,0,L,R
57,42,-0.045601,0,81,45,0,0,0,0,I,Y
23,12,-0.04581,0,45,24,999,0,0,0,D,S
61,41,-0.045865,0,89,64,0,0,0,0,V,E
53,44,-0.046043,0,16,32,999,0,0,0,K,I
13,4,-0.046449,0,26,59,0,0,0,0,V,E
26,8,-0.046701,0,40,66,0,0,0,0,E,L
39,9,-0.046706,0,61,70,0,0,0,0,T,V
56,47,-0.046806,0,20,95,0,0,0,0,N,V
24,7,-0.046851,0,36,89,0,0,0,0,K,E
55,19,-0.047138,0,36,24,0,0,0,0,D,V
13,7,-0.04734,0,26,89,0,0,0,0,V,E
15,5,-0.047487,0,35,93,0,0,0,0,E,W
56,33,-0.047541,0,20,49,0,0,0,0,N,P
40,31,-0.047548,0,20,51,0,0,0,0,M,V
53,3,-0.047584,0,16,34,0,0,0,0,K,T
17,10,-0.047617,0,43,93,0,0,0,0,K,G
12,3,-0.047666,0,24,34,0,0,0,0,S,T
43,19,-0.047781,0,48,24,0,0,0,0,R,V
51,27,-0.047803,0,63,46,0,0,0,0,V,A
41,26,-0.047899,0,64,40,0,0,0,0,E,E
53,25,-0.047976,0,16,70,0,0,0,0,K,P
31,10,-0.048205,0,51,93,0,0,0,0,V,G
61,35,-0.048445,0,89,78,0,0,0,0,V,G
53,9,-0.048778,0,16,70,0,0,0,0,K,V
36,9,-0.0488,0,36,70,0,0,0,0,T,V
30,7,-0.0488,0,22,89,0,0,0,0,I,E
37,9,-0.049161,0,33,70,0,0,0,0,I,V
51,14,-0.049323,0,63,36,0,0,0,0,V,E
45,22,-0.049454,0,33,27,0,0,0,0,D,Q
58,23,-0.049598,0,34,45,0,0,0,0,A,D
11,5,-0.049741,0,21,93,0,0,0,0,K,W
53,32,-0.049798,0,16,43,0,0,0,0,K,L
62,17,-0.049806,0,20,43,0,0,0,0,R,K
55,7,-0.049837,0,36,89,0,0,0,0,D,E
57,8,-0.050046,0,81,66,0,0,0,0,I,L
38,29,-0.050179,0,68,34,0,0,0,0,V,I
39,12,-0.050208,0,61,24,0,0,0,0,T,S
37,3,-0.050325,0,33,34,0,0,0,0,I,T
52,29,-0.050609,0,68,34,0,0,0,0,D,I
45,4,-0.050732,0,33,59,0,0,0,0,D,E
39,3,-0.050907,0,61,34,0,0,0,0,T,T
41,14,-0.051175,0,64,36,0,0,0,0,E,E
32,3,-0.051452,0,43,34,0,0,0,0,L,T
50,43,-0.051453,0,50,48,999,0,0,0,F,R
25,9,-0.051521,0,70,70,0,0,0,0,P,V
17,3,-0.051595,0,43,34,0,0,0,0,K,T
53,13,-0.052006,0,16,26,0,0,0,0,K,V
56,43,-0.052114,0,20,48,0,0,0,0,N,R
62,12,-0.052148,0,20,24,0,0,0,0,R,S
60,25,-0.052178,0,32,70,0,0,0,0,V,P
64,33,-0.052305,0,80,49,0,0,0,0,G,P
42,10,-0.052713,0,45,93,0,0,0,0,Y,G
36,15,-0.053248,0,36,35,0,0,0,0,T,E
59,6,-0.053436,0,25,91,0,0,0,0,Q,P
46,39,-0.05349,0,95,61,0,0,0,0,R,T
41,30,-0.053505,0,64,22,0,0,0,0,E,I
25,12,-0.053614,0,70,24,0,0,0,0,P,S
53,47,-0.05369,0,16,95,999,0,0,0,K,V
51,3,-0.053901,0,63,34,0,0,0,0,V,T
50,42,-0.053957,0,50,45,0,0,0,0,F,Y
49,2,-0.054329,0,47,81,0,0,0,0,L,K
43,11,-0.054354,0,48,21,0,0,0,0,R,K
47,9,-0.054382,0,95,70,0,0,0,0,V,V
53,31,-0.054436,0,16,51,0,0,0,0,K,V
34,9,-0.054479,0,26,70,0,0,0,0,V,V
46,25,-0.054735,0,95,70,0,0,0,0,R,P
38,21,-0.054747,0,68,28,0,0,0,0,V,L
31,15,-0.054999,0,51,35,0,0,0,0,V,E
48,20,-0.055043,0,64,93,0,0,0,0,R,I
44,14,-0.055077,0,32,36,0,0,0,0,I,E
48,37,-0.055081,0,64,33,0,0,0,0,R,I
55,43,-0.055102,0,36,48,0,0,0,0,D,R
48,10,-0.055198,0,64,93,0,0,0,0,R,G
33,8,-0.055322,0,49,66,0,0,0,0,P,L
55,39,-0.05536,0,36,61,0,0,0,0,D,T
41,33,-0.055465,0,64,49,0,0,0,0,E,P
51,7,-0.055572,0,63,89,0,0,0,0,V,E
31,19,-0.055583,0,51,24,0,0,0,0,V,V
42,26,-0.055638,0,45,40,0,0,0,0,Y,E
48,25,-0.055685,0,64,70,0,0,0,0,R,P
18,10,-0.055705,0,21,93,0,0,0,0,K,G
64,38,-0.055737,0,80,68,0,0,0,0,G,V
41,13,-0.055739,0,64,26,0,0,0,0,E,V
22,7,-0.05588,0,27,89,0,0,0,0,Q,E
31,8,-0.055908,0,51,66,0,0,0,0,V,L
53,29,-0.05597,0,16,34,0,0,0,0,K,I
63,7,-0.055972,0,42,89,0,0,0,0,V,E
33,16,-0.05615,0,49,93,0,0,0,0,P,A
32,8,-0.056386,0,43,66,0,0,0,0,L,L
63,2,-0.056672,0,42,81,0,0,0,0,V,K
27,9,-0.056937,0,46,70,0,0,0,0,A,V
56,27,-0.057043,0,20,46,0,0,0,0,N,A
48,17,-0.057214,0,64,43,0,0,0,0,R,K
21,5,-0.057466,0,28,93,0,0,0,0,L,W
56,32,-0.057671,0,20,43,0,0,0,0,N,L
63,8,-0.057927,0,42,66,0,0,0,0,V,L
35,13,-0.058101,0,78,26,0,0,0,0,G,V
30,13,-0.058169,0,22,26,0,0,0,0,I,V
49,38,-0.05821,0,47,68,0,0,0,0,L,V
56,29,-0.058269,0,20,34,0,0,0,0,N,I
48,12,-0.05838,0,64,24,0,0,0,0,R,S
17,6,-0.058426,0,43,91,0,0,0,0,K,P
48,4,-0.058503,0,64,59,0,0,0,0,R,E
58,42,-0.058725,0,34,45,0,0,0,0,A,Y
62,10,-0.059411,0,20,93,0,0,0,0,R,G
44,29,-0.059432,0,32,34,0,0,0,0,I,I
19,2,-0.059577,0,24,81,0,0,0,0,V,K
39,33,-0.059862,0,61,49,0,0,0,0,T,P
44,12,-0.059893,0,32,24,0,0,0,0,I,S
55,48,-0.060208,0,36,64,0,0,0,0,D,R
35,23,-0.060283,0,78,45,0,0,0,0,G,D
40,13,-0.060718,0,20,26,0,0,0,0,M,V
20,13,-0.061131,0,93,26,999,0,0,0,I,V
13,5,-0.061235,0,26,93,0,0,0,0,V,W
37,25,-0.061237,0,33,70,0,0,0,0,I,P
26,7,-0.061446,0,40,89,0,0,0,0,E,E
43,32,-0.061637,0,48,43,0,0,0,0,R,L
57,3,-0.061713,0,81,34,0,0,0,0,I,T
42,12,-0.061717,0,45,24,0,0,0,0,Y,S
39,4,-0.061968,0,61,59,0,0,0,0,T,E
48,21,-0.062032,0,64,28,0,0,0,0,R,L
31,3,-0.062087,0,51,34,0,0,0,0,V,T
44,20,-0.062153,0,32,93,0,0,0,0,I,I
55,20,-0.062205,0,36,93,0,0,0,0,D,I
55,4,-0.062349,0,36,59,0,0,0,0,D,E
28,7,-0.062579,0,18,89,0,0,0,0,Q,E
55,46,-0.062645,0,36,95,999,0,0,0,D,R
31,22,-0.062745,0,51,27,0,0,0,0,V,Q
45,14,-0.062763,0,33,36,0,0,0,0,D,E
36,14,-0.062766,0,36,36,0,0,0,0,T,E
47,29,-0.062881,0,95,34,0,0,0,0,V,I
63,43,-0.063011,0,42,48,0,0,0,0,V,R
60,6,-0.06315,0,32,91,0,0,0,0,V,P
52,19,-0.06343,0,68,24,0,0,0,0,D,V
44,4,-0.063475,0,32,59,0,0,0,0,I,E
40,27,-0.063555,0,20,46,0,0,0,0,M,A
42,22,-0.06375,0,45,27,0,0,0,0,Y,Q
39,10,-0.063851,0,61,93,0,0,0,0,T,G
35,11,-0.064117,0,78,21,0,0,0,0,G,K
47,3,-0.064237,0,95,34,0,0,0,0,V,T
45,15,-0.064354,0,33,35,0,0,0,0,D,E
12,4,-0.064356,0,24,59,0,0,0,0,S,E
39,18,-0.064803,0,61,21,0,0,0,0,T,K
52,8,-0.064819,0,68,66,0,0,0,0,D,L
55,11,-0.065036,0,36,21,0,0,0,0,D,K
56,31,-0.065089,0,20,51,0,0,0,0,N,V
42,32,-0.065112,0,45,43,0,0,0,0,Y,L
34,25,-0.065127,0,26,70,0,0,0,0,V,P
35,28,-0.065161,0,78,18,999,0,0,0,G,Q
46,4,-0.065243,0,95,59,0,0,0,0,R,E
46,24,-0.065483,0,95,36,0,0,0,0,R,K
22,10,-0.065533,0,27,93,999,0,0,0,Q,G
51,8,-0.065639,0,63,66,0,0,0,0,V,L
22,8,-0.065833,0,27,66,0,0,0,0,Q,L
46,30,-0.065904,0,95,22,0,0,0,0,R,I
23,17,-0.066119,0,45,43,999,0,0,0,D,K
48,18,-0.066324,0,64,21,0,0,0,0,R,K
11,3,-0.066365,0,21,34,0,0,0,0,K,T
63,48,-0.066414,0,42,64,0,0,0,0,V,R
27,19,-0.06648,0,46,24,0,0,0,0,A,V
56,46,-0.066648,0,20,95,0,0,0,0,N,R
18,2,-0.066654,0,21,81,0,0,0,0,K,K
44,18,-0.066741,0,32,21,0,0,0,0,I,K
59,12,-0.066866,0,25,24,0,0,0,0,Q,S
63,32,-0.066953,0,42,43,0,0,0,0,V,L
37,5,-0.067028,0,33,93,0,0,0,0,I,W
52,18,-0.067029,0,68,21,0,0,0,0,D,K
46,32,-0.067247,0,95,43,0,0,0,0,R,L
47,21,-0.067306,0,95,28,0,0,0,0,V,L
31,6,-0.06733,0,51,91,0,0,0,0,V,P
56,20,-0.067556,0,20,93,0,0,0,0,N,I
55,32,-0.067558,0,36,43,0,0,0,0,D,L
59,17,-0.067611,0,25,43,0,0,0,0,Q,K
29,22,-0.067731,0,34,27,0,0,0,0,I,Q
51,39,-0.068031,0,63,61,0,0,0,0,V,T
52,41,-0.068266,0,68,64,0,0,0,0,D,E
38,12,-0.068448,0,68,24,0,0,0,0,V,S
37,18,-0.068493,0,33,21,0,0,0,0,I,K
55,40,-0.068586,0,36,20,0,0,0,0,D,M
34,27,-0.06863,0,26,46,999,0,0,0,V,A
45,35,-0.06866,0,33,78,0,0,0,0,D,G
58,45,-0.068677,0,34,33,0,0,0,0,A,D
50,5,-0.068715,0,50,93,0,0,0,0,F,W
56,13,-0.068871,0,20,26,0,0,0,0,N,V
58,22,-0.068963,0,34,27,0,0,0,0,A,Q
31,5,-0.069204,0,51,93,0,0,0,0,V,W
40,4,-0.069233,0,20,59,0,0,0,0,M,E
43,25,-0.069506,0,48,70,0,0,0,0,R,P
63,40,-0.069518,0,42,20,0,0,0,0,V,M
43,20,-0.069692,0,48,93,0,0,0,0,R,I
63,30,-0.069743,0,42,22,0,0,0,0,V,I
64,50,-0.069824,0,80,50,0,0,0,0,G,F
58,47,-0.069862,0,34,95,0,0,0,0,A,V
60,2,-0.069888,0,32,81,0,0,0,0,V,K
60,52,-0.069986,0,32,68,0,0,0,0,V,D
42,17,-0.070305,0,45,43,0,0,0,0,Y,K
26,6,-0.070355,0,40,91,0,0,0,0,E,P
32,19,-0.070605,0,43,24,0,0,0,0,L,V
56,16,-0.070679,0,20,93,0,0,0,0,N,A
60,5,-0.07074,0,32,93,0,0,0,0,V,W
50,37,-0.070757,0,50,33,0,0,0,0,F,I
62,8,-0.070945,0,20,66,0,0,0,0,R,L
33,9,-0.071064,0,49,70,0,0,0,0,P,V
33,24,-0.071078,0,49,36,999,0,0,0,P,K
43,4,-0.071091,0,48,59,0,0,0,0,R,E
26,13,-0.071302,0,40,26,999,0,0,0,E,V
14,6,-0.071346,0,36,91,0,0,0,0,E,P
46,27,-0.071421,0,95,46,0,0,0,0,R,A
61,36,-0.072115,0,89,36,0,0,0,0,V,T
50,24,-0.072123,0,50,36,0,0,0,0,F,K
62,7,-0.072306,0,20,89,0,0,0,0,R,E
54,10,-0.072506,0,16,93,0,0,0,0,L,G
51,6,-0.072662,0,63,91,0,0,0,0,V,P
35,2,-0.072773,0,78,81,0,0,0,0,G,K
47,19,-0.073153,0,95,24,0,0,0,0,V,V
58,6,-0.07327,0,34,91,0,0,0,0,A,P
39,28,-0.073429,0,61,18,0,0,0,0,T,Q
36,13,-0.073659,0,36,26,0,0,0,0,T,V
57,31,-0.073678,0,81,51,0,0,0,0,I,V
63,4,-0.073679,0,42,59,0,0,0,0,V,E
50,19,-0.073688,0,50,24,0,0,0,0,F,V
38,7,-0.073728,0,68,89,0,0,0,0,V,E
53,18,-0.073761,0,16,21,0,0,0,0,K,K
51,5,-0.073767,0,63,93,0,0,0,0,V,W
48,6,-0.07387,0,64,91,0,0,0,0,R,P
19,10,-0.074043,0,24,93,0,0,0,0,V,G
44,7,-0.074495,0,32,89,0,0,0,0,I,E
60,32,-0.074608,0,32,43,0,0,0,0,V,L
43,8,-0.074833,0,48,66,0,0,0,0,R,L
34,16,-0.074955,0,26,93,0,0,0,0,V,A
40,29,-0.074965,0,20,34,0,0,0,0,M,I
29,2,-0.075113,0,34,81,0,0,0,0,I,K
56,21,-0.075265,0,20,28,0,0,0,0,N,L
54,35,-0.07533,0,16,78,0,0,0,0,L,G
17,8,-0.075345,0,43,66,0,0,0,0,K,L
46,21,-0.075422,0,95,28,0,0,0,0,R,L
38,3,-0.075625,0,68,34,0,0,0,0,V,T
49,42,-0.075953,0,47,45,0,0,0,0,L,Y
33,20,-0.076004,0,49,93,0,0,0,0,P,I
18,4,-0.07601,0,21,59,0,0,0,0,K,E
17,5,-0.076144,0,43,93,0,0,0,0,K,W
53,24,-0.076149,0,16,36,0,0,0,0,K,K
43,14,-0.076433,0,48,36,0,0,0,0,R,E
17,7,-0.076461,0,43,89,0,0,0,0,K,E
15,6,-0.076497,0,35,91,0,0,0,0,E,P
56,11,-0.076802,0,20,21,0,0,0,0,N,K
60,28,-0.076866,0,32,18,0,0,0,0,V,Q
27,4,-0.077246,0,46,59,0,0,0,0,A,E
19,4,-0.077412,0,24,59,0,0,0,0,V,E
23,15,-0.077426,0,45,35,999,0,0,0,D,E
46,28,-0.077537,0,95,18,0,0,0,0,R,Q
45,37,-0.077594,0,33,33,0,0,0,0,D,I
59,20,-0.077602,0,25,93,0,0,0,0,Q,I
52,10,-0.077647,0,68,93,0,0,0,0,D,G
21,10,-0.077807,0,28,93,0,0,0,0,L,G
38,27,-0.078047,0,68,46,0,0,0,0,V,A
36,17,-0.07816,0,36,43,0,0,0,0,T,K
22,2,-0.07833,0,27,81,0,0,0,0,Q,K
44,16,-0.078458,0,32,93,0,0,0,0,I,A
63,14,-0.078738,0,42,36,0,0,0,0,V,E
62,31,-0.078883,0,20,51,0,0,0,0,R,V
46,40,-0.079034,0,95,20,0,0,0,0,R,M
61,43,-0.079138,0,89,48,0,0,0,0,V,R
41,6,-0.079371,0,64,91,0,0,0,0,E,P
41,19,-0.079385,0,64,24,0,0,0,0,E,V
56,8,-0.079486,0,20,66,0,0,0,0,N,L
33,11,-0.079813,0,49,21,0,0,0,0,P,K
60,42,-0.080463,0,32,45,0,0,0,0,V,Y
44,30,-0.080466,0,32,22,0,0,0,0,I,I
52,45,-0.080919,0,68,33,999,0,0,0,D,D
38,26,-0.080943,0,68,40,0,0,0,0,V,E
11,2,-0.081579,0,21,81,0,0,0,0,K,K
40,2,-0.081846,0,20,81,0,0,0,0,M,K
26,10,-0.081859,0,40,93,0,0,0,0,E,G
64,23,-0.082154,0,80,45,0,0,0,0,G,D
62,21,-0.082187,0,20,28,0,0,0,0,R,L
17,9,-0.082191,0,43,70,0,0,0,0,K,V
59,16,-0.082413,0,25,93,0,0,0,0,Q,A
63,38,-0.08265,0,42,68,0,0,0,0,V,V
64,21,-0.082658,0,80,28,0,0,0,0,G,L
14,8,-0.082973,0,36,66,0,0,0,0,E,L
46,33,-0.082989,0,95,49,0,0,0,0,R,P
42,9,-0.083028,0,45,70,0,0,0,0,Y,V
24,13,-0.083101,0,36,26,999,0,0,0,K,V
63,22,-0.083417,0,42,27,0,0,0,0,V,Q
41,28,-0.083437,0,64,18,0,0,0,0,E,Q
48,9,-0.083441,0,64,70,0,0,0,0,R,V
41,3,-0.083669,0,64,34,0,0,0,0,E,T
50,16,-0.083838,0,50,93,0,0,0,0,F,A
61,45,-0.08389,0,89,33,0,0,0,0,V,D
48,35,-0.084898,0,64,78,0,0,0,0,R,G
36,19,-0.085111,0,36,24,0,0,0,0,T,V
43,15,-0.085125,0,48,35,0,0,0,0,R,E
54,47,-0.085217,0,16,95,999,0,0,0,L,V
29,9,-0.085223,0,34,70,0,0,0,0,I,V
62,19,-0.085319,0,20,24,0,0,0,0,R,V
62,33,-0.085329,0,20,49,0,0,0,0,R,P
59,48,-0.085476,0,25,64,0,0,0,0,Q,R
35,17,-0.085777,0,78,43,0,0,0,0,G,K
42,19,-0.085947,0,45,24,0,0,0,0,Y,V
38,20,-0.086114,0,68,93,0,0,0,0,V,I
32,6,-0.086193,0,43,91,0,0,0,0,L,P
63,17,-0.086293,0,42,43,0,0,0,0,V,K
50,4,-0.086439,0,50,59,0,0,0,0,F,E
37,15,-0.086544,0,33,35,0,0,0,0,I,E
34,24,-0.086641,0,26,36,0,0,0,0,V,K
47,22,-0.08672,0,95,27,0,0,0,0,V,Q
49,23,-0.087174,0,47,45,0,0,0,0,L,D
42,29,-0.08743,0,45,34,0,0,0,0,Y,I
38,23,-0.087514,0,68,45,0,0,0,0,V,D
63,36,-0.087534,0,42,36,0,0,0,0,V,T
35,24,-0.087836,0,78,36,0,0,0,0,G,K
55,2,-0.08792,0,36,81,0,0,0,0,D,K
30,5,-0.088091,0,22,93,0,0,0,0,I,W
63,18,-0.088491,0,42,21,0,0,0,0,V,K
49,33,-0.088516,0,47,49,0,0,0,0,L,P
25,7,-0.088552,0,70,89,0,0,0,0,P,E
42,14,-0.088566,0,45,36,0,0,0,0,Y,E
37,21,-0.088636,0,33,28,0,0,0,0,I,L
41,23,-0.088651,0,64,45,0,0,0,0,E,D
35,10,-0.089193,0,78,93,0,0,0,0,G,G
25,2,-0.089275,0,70,81,0,0,0,0,P,K
62,25,-0.089391,0,20,70,0,0,0,0,R,P
62,6,-0.089406,0,20,91,0,0,0,0,R,P
37,12,-0.089578,0,33,24,0,0,0,0,I,S
23,14,-0.089982,0,45,36,999,0,0,0,D,E
61,55,-0.089997,0,89,36,0,0,0,0,V,D
32,4,-0.090004,0,43,59,0,0,0,0,L,E
26,2,-0.090129,0,40,81,0,0,0,0,E,K
42,8,-0.090275,0,45,66,0,0,0,0,Y,L
58,39,-0.090329,0,34,61,0,0,0,0,A,T
64,51,-0.090384,0,80,63,0,0,0,0,G,V
46,13,-0.091123,0,95,26,0,0,0,0,R,V
33,7,-0.091265,0,49,89,0,0,0,0,P,E
51,32,-0.091509,0,63,43,0,0,0,0,V,L
14,2,-0.091517,0,36,81,0,0,0,0,E,K
57,43,-0.091763,0,81,48,0,0,0,0,I,R
24,14,-0.091957,0,36,36,999,0,0,0,K,E
35,19,-0.092073,0,78,24,0,0,0,0,G,V
20,12,-0.092103,0,93,24,999,0,0,0,I,S
19,9,-0.09241,0,24,70,0,0,0,0,V,V
48,7,-0.092492,0,64,89,0,0,0,0,R,E
63,56,-0.092759,0,42,20,0,0,0,0,V,N
47,38,-0.092969,0,95,68,0,0,0,0,V,V
59,24,-0.093084,0,25,36,0,0,0,0,Q,K
55,23,-0.093372,0,36,45,0,0,0,0,D,D
55,37,-0.093382,0,36,33,0,0,0,0,D,I
52,13,-0.093609,0,68,26,0,0,0,0,D,V
22,5,-0.093667,0,27,93,0,0,0,0,Q,W
45,24,-0.093867,0,33,36,0,0,0,0,D,K
59,51,-0.094034,0,25,63,0,0,0,0,Q,V
36,29,-0.094128,0,36,34,999,0,0,0,T,I
10,3,-0.094183,0,93,34,0,0,0,0,G,T
61,29,-0.094742,0,89,34,0,0,0,0,V,I
34,21,-0.094776,0,26,28,0,0,0,0,V,L
47,40,-0.094989,0,95,20,0,0,0,0,V,M
38,11,-0.09499,0,68,21,0,0,0,0,V,K
32,9,-0.095023,0,43,70,0,0,0,0,L,V
61,13,-0.095398,0,89,26,0,0,0,0,V,V
63,12,-0.09581,0,42,24,0,0,0,0,V,S
28,9,-0.096104,0,18,70,0,0,0,0,Q,V
34,20,-0.096158,0,26,93,0,0,0,0,V,I
64,56,-0.096361,0,80,20,0,0,0,0,G,N
56,19,-0.096498,0,20,24,0,0,0,0,N,V
59,7,-0.096565,0,25,89,0,0,0,0,Q,E
61,31,-0.096649,0,89,51,0,0,0,0,V,V
36,25,-0.096703,0,36,70,0,0,0,0,T,P
43,10,-0.097049,0,48,93,0,0,0,0,R,G
22,6,-0.097075,0,27,91,0,0,0,0,Q,P
47,30,-0.097462,0,95,22,0,0,0,0,V,I
57,35,-0.097689,0,81,78,0,0,0,0,I,G
57,40,-0.097822,0,81,20,0,0,0,0,I,M
21,14,-0.09787,0,28,36,999,0,0,0,L,E
35,20,-0.097897,0,78,93,0,0,0,0,G,I
15,8,-0.097984,0,35,66,0,0,0,0,E,L
60,48,-0.098034,0,32,64,0,0,0,0,V,R
52,31,-0.098051,0,68,51,0,0,0,0,D,V
32,2,-0.098157,0,43,81,0,0,0,0,L,K
61,30,-0.098442,0,89,22,0,0,0,0,V,I
52,42,-0.098574,0,68,45,0,0,0,0,D,Y
50,44,-0.098585,0,50,32,999,0,0,0,F,I
39,22,-0.098639,0,61,27,0,0,0,0,T,Q
31,7,-0.098747,0,51,89,0,0,0,0,V,E
51,11,-0.098816,0,63,21,0,0,0,0,V,K
58,24,-0.098977,0,34,36,0,0,0,0,A,K
45,34,-0.099052,0,33,26,0,0,0,0,D,V
25,4,-0.099131,0,70,59,0,0,0,0,P,E
46,12,-0.09914,0,95,24,0,0,0,0,R,S
62,41,-0.099306,0,20,64,0,0,0,0,R,E
15,7,-0.099336,0,35,89,0,0,0,0,E,E
38,19,-0.099452,0,68,24,0,0,0,0,V,V
45,2,-0.099563,0,33,81,0,0,0,0,D,K
51,20,-0.099665,0,63,93,0,0,0,0,V,I
59,30,-0.099775,0,25,22,0,0,0,0,Q,I
42,4,-0.099899,0,45,59,0,0,0,0,Y,E
55,29,-0.10025,0,36,34,0,0,0,0,D,I
56,6,-0.10085,0,20,91,0,0,0,0,N,P
59,47,-0.10087,0,25,95,0,0,0,0,Q,V
43,12,-0.10092,0,48,24,0,0,0,0,R,S
37,29,-0.10103,0,33,34,0,0,0,0,I,I
64,45,-0.10126,0,80,33,0,0,0,0,G,D
56,7,-0.10163,0,20,89,0,0,0,0,N,E
28,6,-0.10169,0,18,91,0,0,0,0,Q,P
29,15,-0.10182,0,34,35,0,0,0,0,I,E
63,37,-0.10201,0,42,33,0,0,0,0,V,I
30,15,-0.10246,0,22,35,0,0,0,0,I,E
32,10,-0.103,0,43,93,0,0,0,0,L,G
46,26,-0.10305,0,95,40,0,0,0,0,R,E
64,26,-0.10335,0,80,40,0,0,0,0,G,E
12,2,-0.10349,0,24,81,0,0,0,0,S,K
60,20,-0.10364,0,32,93,0,0,0,0,V,I
61,32,-0.10469,0,89,43,0,0,0,0,V,L
58,14,-0.10474,0,34,36,0,0,0,0,A,E
36,23,-0.1048,0,36,45,0,0,0,0,T,D
61,26,-0.10484,0,89,40,0,0,0,0,V,E
59,31,-0.105,0,25,51,0,0,0,0,Q,V
45,11,-0.10537,0,33,21,0,0,0,0,D,K
20,4,-0.10552,0,93,59,0,0,0,0,I,E
64,14,-0.10578,0,80,36,0,0,0,0,G,E
32,7,-0.10599,0,43,89,0,0,0,0,L,E
61,38,-0.1062,0,89,68,0,0,0,0,V,V
63,13,-0.10633,0,42,26,0,0,0,0,V,V
45,30,-0.1064,0,33,22,0,0,0,0,D,I
49,37,-0.10645,0,47,33,0,0,0,0,L,I
47,31,-0.10653,0,95,51,0,0,0,0,V,V
39,20,-0.10681,0,61,93,0,0,0,0,T,I
62,20,-0.10688,0,20,93,0,0,0,0,R,I
40,21,-0.10734,0,20,28,0,0,0,0,M,L
59,29,-0.10756,0,25,34,0,0,0,0,Q,I
42,25,-0.10762,0,45,70,0,0,0,0,Y,P
41,7,-0.10769,0,64,89,0,0,0,0,E,E
58,8,-0.10838,0,34,66,0,0,0,0,A,L
58,16,-0.10855,0,34,93,0,0,0,0,A,A
52,11,-0.10868,0,68,21,0,0,0,0,D,K
55,15,-0.10872,0,36,35,0,0,0,0,D,E
63,35,-0.10885,0,42,78,0,0,0,0,V,G
46,37,-0.10887,0,95,33,0,0,0,0,R,I
58,5,-0.1091,0,34,93,0,0,0,0,A,W
16,4,-0.10937,0,93,59,0,0,0,0,A,E
64,48,-0.10938,0,80,64,0,0,0,0,G,R
46,17,-0.11017,0,95,43,0,0,0,0,R,K
21,2,-0.11032,0,28,81,0,0,0,0,L,K
47,26,-0.11081,0,95,40,0,0,0,0,V,E
45,3,-0.11088,0,33,34,0,0,0,0,D,T
54,43,-0.11091,0,16,48,0,0,0,0,L,R
21,6,-0.11111,0,28,91,0,0,0,0,L,P
49,27,-0.11144,0,47,46,0,0,0,0,L,A
62,48,-0.11148,0,20,64,0,0,0,0,R,R
35,27,-0.11176,0,78,46,0,0,0,0,G,A
30,10,-0.11187,0,22,93,0,0,0,0,I,G
55,8,-0.11211,0,36,66,0,0,0,0,D,L
38,22,-0.11283,0,68,27,0,0,0,0,V,Q
63,21,-0.11283,0,42,28,0,0,0,0,V,L
48,24,-0.11309,0,64,36,0,0,0,0,R,K
62,49,-0.11352,0,20,47,0,0,0,0,R,L
56,49,-0.11358,0,20,47,0,0,0,0,N,L
40,7,-0.1138,0,20,89,0,0,0,0,M,E
39,2,-0.11384,0,61,81,0,0,0,0,T,K
45,9,-0.11398,0,33,70,0,0,0,0,D,V
45,17,-0.11434,0,33,43,0,0,0,0,D,K
60,24,-0.11436,0,32,36,0,0,0,0,V,K
61,4,-0.11471,0,89,59,0,0,0,0,V,E
44,33,-0.11522,0,32,49,0,0,0,0,I,P
39,13,-0.11541,0,61,26,0,0,0,0,T,V
49,25,-0.1155,0,47,70,0,0,0,0,L,P
22,3,-0.1156,0,27,34,0,0,0,0,Q,T
19,3,-0.116,0,24,34,0,0,0,0,V,T
21,7,-0.11635,0,28,89,0,0,0,0,L,E
60,49,-0.11642,0,32,47,0,0,0,0,V,L
46,22,-0.11644,0,95,27,0,0,0,0,R,Q
59,49,-0.11676,0,25,47,0,0,0,0,Q,L
37,10,-0.1168,0,33,93,0,0,0,0,I,G
42,21,-0.1171,0,45,28,0,0,0,0,Y,L
50,11,-0.1172,0,50,21,0,0,0,0,F,K
54,46,-0.11749,0,16,95,999,0,0,0,L,R
64,44,-0.11756,0,80,32,0,0,0,0,G,I
53,40,-0.11757,0,16,20,0,0,0,0,K,M
47,36,-0.11763,0,95,36,0,0,0,0,V,T
38,2,-0.11769,0,68,81,0,0,0,0,V,K
36,6,-0.11787,0,36,91,0,0,0,0,T,P
61,40,-0.11817,0,89,20,0,0,0,0,V,M
54,24,-0.11823,0,16,36,0,0,0,0,L,K
58,10,-0.11824,0,34,93,0,0,0,0,A,G
40,6,-0.11826,0,20,91,0,0,0,0,M,P
45,23,-0.11838,0,33,45,0,0,0,0,D,D
64,53,-0.11851,0,80,16,0,0,0,0,G,K
44,15,-0.11863,0,32,35,0,0,0,0,I,E
57,51,-0.11868,0,81,63,0,0,0,0,I,V
14,5,-0.11883,0,36,93,0,0,0,0,E,W
29,11,-0.11935,0,34,21,0,0,0,0,I,K
49,22,-0.1194,0,47,27,0,0,0,0,L,Q
24,4,-0.11961,0,36,59,0,0,0,0,K,E
58,31,-0.11966,0,34,51,0,0,0,0,A,V
20,11,-0.11968,0,93,21,999,0,0,0,I,K
41,16,-0.11986,0,64,93,0,0,0,0,E,A
29,17,-0.11993,0,34,43,0,0,0,0,I,K
60,19,-0.12031,0,32,24,0,0,0,0,V,V
48,19,-0.12039,0,64,24,0,0,0,0,R,V
36,20,-0.12051,0,36,93,0,0,0,0,T,I
42,20,-0.12055,0,45,93,0,0,0,0,Y,I
13,2,-0.12068,0,26,81,0,0,0,0,V,K
39,27,-0.12097,0,61,46,0,0,0,0,T,A
37,23,-0.12111,0,33,45,0,0,0,0,I,D
51,30,-0.12113,0,63,22,0,0,0,0,V,I
11,4,-0.12118,0,21,59,0,0,0,0,K,E
64,36,-0.12122,0,80,36,0,0,0,0,G,T
63,28,-0.12138,0,42,18,0,0,0,0,V,Q
56,24,-0.12143,0,20,36,0,0,0,0,N,K
39,25,-0.12144,0,61,70,0,0,0,0,T,P
62,46,-0.12147,0,20,95,0,0,0,0,R,R
45,7,-0.12149,0,33,89,0,0,0,0,D,E
57,11,-0.12172,0,81,21,0,0,0,0,I,K
52,15,-0.122,0,68,35,0,0,0,0,D,E
45,20,-0.12207,0,33,93,0,0,0,0,D,I
39,23,-0.12227,0,61,45,0,0,0,0,T,D
58,11,-0.1228,0,34,21,0,0,0,0,A,K
60,16,-0.12282,0,32,93,0,0,0,0,V,A
23,9,-0.12295,0,45,70,0,0,0,0,D,V
60,21,-0.12353,0,32,28,0,0,0,0,V,L
63,33,-0.12355,0,42,49,0,0,0,0,V,P
37,7,-0.12389,0,33,89,0,0,0,0,I,E
27,14,-0.12392,0,46,36,0,0,0,0,A,E
56,41,-0.12394,0,20,64,0,0,0,0,N,E
57,22,-0.12417,0,81,27,0,0,0,0,I,Q
47,17,-0.12434,0,95,43,0,0,0,0,V,K
63,15,-0.12441,0,42,35,0,0,0,0,V,E
21,9,-0.12455,0,28,70,0,0,0,0,L,V
59,18,-0.12471,0,25,21,0,0,0,0,Q,K
45,32,-0.12496,0,33,43,0,0,0,0,D,L
55,30,-0.12505,0,36,22,0,0,0,0,D,I
59,5,-0.12515,0,25,93,0,0,0,0,Q,W
41,15,-0.1252,0,64,35,0,0,0,0,E,E
45,33,-0.12521,0,33,49,0,0,0,0,D,P
64,28,-0.12537,0,80,18,0,0,0,0,G,Q
54,16,-0.12579,0,16,93,0,0,0,0,L,A
52,38,-0.12586,0,68,68,0,0,0,0,D,V
51,16,-0.12589,0,63,93,0,0,0,0,V,A
54,8,-0.12635,0,16,66,0,0,0,0,L,L
37,6,-0.12652,0,33,91,0,0,0,0,I,P
50,14,-0.12664,0,50,36,0,0,0,0,F,E
64,31,-0.12669,0,80,51,0,0,0,0,G,V
61,19,-0.12697,0,89,24,0,0,0,0,V,V
62,27,-0.12698,0,20,46,0,0,0,0,R,A
47,4,-0.12705,0,95,59,0,0,0,0,V,E
62,13,-0.12737,0,20,26,0,0,0,0,R,V
32,5,-0.12743,0,43,93,0,0,0,0,L,W
46,15,-0.12774,0,95,35,0,0,0,0,R,E
58,13,-0.12785,0,34,26,0,0,0,0,A,V
57,18,-0.12805,0,81,21,0,0,0,0,I,K
57,21,-0.12807,0,81,28,0,0,0,0,I,L
25,13,-0.12809,0,70,26,999,0,0,0,P,V
57,38,-0.1281,0,81,68,0,0,0,0,I,V
40,12,-0.12901,0,20,24,0,0,0,0,M,S
34,8,-0.1296,0,26,66,0,0,0,0,V,L
60,36,-0.12988,0,32,36,0,0,0,0,V,T
32,16,-0.13001,0,43,93,0,0,0,0,L,A
38,6,-0.13017,0,68,91,0,0,0,0,V,P
50,40,-0.13032,0,50,20,0,0,0,0,F,M
33,10,-0.1304,0,49,93,0,0,0,0,P,G
36,11,-0.13046,0,36,21,0,0,0,0,T,K
53,10,-0.13082,0,16,93,0,0,0,0,K,G
54,41,-0.1309,0,16,64,0,0,0,0,L,E
63,49,-0.1312,0,42,47,0,0,0,0,V,L
40,5,-0.13125,0,20,93,0,0,0,0,M,W
61,54,-0.13134,0,89,16,0,0,0,0,V,L
12,5,-0.13205,0,24,93,0,0,0,0,S,W
61,37,-0.13209,0,89,33,0,0,0,0,V,I
54,7,-0.13255,0,16,89,0,0,0,0,L,E
36,16,-0.13293,0,36,93,0,0,0,0,T,A
61,53,-0.13303,0,89,16,0,0,0,0,V,K
62,16,-0.13324,0,20,93,0,0,0,0,R,A
57,28,-0.13342,0,81,18,0,0,0,0,I,Q
62,32,-0.13347,0,20,43,0,0,0,0,R,L
58,48,-0.13351,0,34,64,0,0,0,0,A,R
44,5,-0.13357,0,32,93,0,0,0,0,I,W
56,10,-0.13367,0,20,93,0,0,0,0,N,G
47,15,-0.13386,0,95,35,0,0,0,0,V,E
59,3,-0.13412,0,25,34,0,0,0,0,Q,T
46,36,-0.13432,0,95,36,0,0,0,0,R,T
34,7,-0.13433,0,26,89,0,0,0,0,V,E
56,5,-0.1349,0,20,93,0,0,0,0,N,W
28,16,-0.13514,0,18,93,0,0,0,0,Q,A
38,5,-0.13525,0,68,93,0,0,0,0,V,W
43,7,-0.13567,0,48,89,0,0,0,0,R,E
54,38,-0.13583,0,16,68,0,0,0,0,L,V
62,5,-0.13619,0,20,93,0,0,0,0,R,W
57,26,-0.13714,0,81,40,0,0,0,0,I,E
41,8,-0.13724,0,64,66,0,0,0,0,E,L
39,14,-0.13739,0,61,36,0,0,0,0,T,E
50,13,-0.13745,0,50,26,0,0,0,0,F,V
37,16,-0.13745,0,33,93,0,0,0,0,I,A
40,8,-0.13762,0,20,66,0,0,0,0,M,L
57,37,-0.13794,0,81,33,0,0,0,0,I,I
64,22,-0.13836,0,80,27,0,0,0,0,G,Q
30,20,-0.13899,0,22,93,0,0,0,0,I,I
47,28,-0.13944,0,95,18,0,0,0,0,V,Q
57,15,-0.13998,0,81,35,0,0,0,0,I,E
43,23,-0.14011,0,48,45,0,0,0,0,R,D
39,31,-0.14038,0,61,51,0,0,0,0,T,V
28,5,-0.14051,0,18,93,0,0,0,0,Q,W
55,42,-0.14052,0,36,45,0,0,0,0,D,Y
45,10,-0.14053,0,33,93,0,0,0,0,D,G
63,41,-0.14064,0,42,64,0,0,0,0,V,E
52,9,-0.14131,0,68,70,0,0,0,0,D,V
61,17,-0.14136,0,89,43,0,0,0,0,V,K
34,6,-0.14145,0,26,91,0,0,0,0,V,P
64,37,-0.14163,0,80,33,0,0,0,0,G,I
36,7,-0.14172,0,36,89,0,0,0,0,T,E
59,23,-0.14183,0,25,45,0,0,0,0,Q,D
52,44,-0.14213,0,68,32,0,0,0,0,D,I
38,9,-0.14322,0,68,70,0,0,0,0,V,V
58,30,-0.1434,0,34,22,0,0,0,0,A,I
49,19,-0.14341,0,47,24,0,0,0,0,L,V
41,24,-0.14376,0,64,36,0,0,0,0,E,K
64,17,-0.14472,0,80,43,0,0,0,0,G,K
52,14,-0.14472,0,68,36,0,0,0,0,D,E
64,19,-0.1458,0,80,24,0,0,0,0,G,V
57,32,-0.14599,0,81,43,0,0,0,0,I,L
41,4,-0.14606,0,64,59,0,0,0,0,E,E
28,2,-0.1474,0,18,81,0,0,0,0,Q,K
60,41,-0.14763,0,32,64,0,0,0,0,V,E
35,12,-0.14776,0,78,24,0,0,0,0,G,S
54,4,-0.14808,0,16,59,0,0,0,0,L,E
40,10,-0.14873,0,20,93,0,0,0,0,M,G
45,6,-0.14904,0,33,91,0,0,0,0,D,P
43,5,-0.1491,0,48,93,0,0,0,0,R,W
48,26,-0.14916,0,64,40,0,0,0,0,R,E
38,16,-0.14945,0,68,93,0,0,0,0,V,A
57,33,-0.15009,0,81,49,0,0,0,0,I,P
50,8,-0.15038,0,50,66,0,0,0,0,F,L
53,20,-0.15072,0,16,93,0,0,0,0,K,I
64,12,-0.15105,0,80,24,0,0,0,0,G,S
41,20,-0.15178,0,64,93,0,0,0,0,E,I
36,8,-0.152,0,36,66,0,0,0,0,T,L
63,29,-0.15228,0,42,34,0,0,0,0,V,I
46,14,-0.1523,0,95,36,0,0,0,0,R,E
33,3,-0.15255,0,49,34,0,0,0,0,P,T
56,35,-0.15457,0,20,78,0,0,0,0,N,G
53,16,-0.15496,0,16,93,0,0,0,0,K,A
47,37,-0.15524,0,95,33,0,0,0,0,V,I
39,8,-0.15549,0,61,66,0,0,0,0,T,L
47,14,-0.15569,0,95,36,0,0,0,0,V,E
39,11,-0.15624,0,61,21,0,0,0,0,T,K
60,17,-0.15668,0,32,43,0,0,0,0,V,K
54,5,-0.1577,0,16,93,0,0,0,0,L,W
40,16,-0.15832,0,20,93,0,0,0,0,M,A
54,20,-0.15834,0,16,93,0,0,0,0,L,I
59,2,-0.1594,0,25,81,0,0,0,0,Q,K
34,10,-0.16013,0,26,93,0,0,0,0,V,G
62,2,-0.1604,0,20,81,0,0,0,0,R,K
17,2,-0.16042,0,43,81,0,0,0,0,K,K
43,2,-0.16054,0,48,81,0,0,0,0,R,K
26,16,-0.16056,0,40,93,0,0,0,0,E,A
35,3,-0.1608,0,78,34,0,0,0,0,G,T
55,49,-0.16105,0,36,47,0,0,0,0,D,L
59,46,-0.16181,0,25,95,0,0,0,0,Q,R
57,14,-0.16206,0,81,36,0,0,0,0,I,E
24,9,-0.16218,0,36,70,0,0,0,0,K,V
58,15,-0.16291,0,34,35,0,0,0,0,A,E
29,19,-0.16304,0,34,24,0,0,0,0,I,V
51,9,-0.16308,0,63,70,0,0,0,0,V,V
61,34,-0.16368,0,89,26,0,0,0,0,V,V
56,2,-0.16399,0,20,81,0,0,0,0,N,K
42,15,-0.16438,0,45,35,0,0,0,0,Y,E
36,10,-0.1647,0,36,93,0,0,0,0,T,G
18,5,-0.16565,0,21,93,0,0,0,0,K,W
61,18,-0.16569,0,89,21,0,0,0,0,V,K
33,5,-0.16599,0,49,93,0,0,0,0,P,W
38,24,-0.16625,0,68,36,0,0,0,0,V,K
61,22,-0.16732,0,89,27,0,0,0,0,V,Q
47,33,-0.16759,0,95,49,0,0,0,0,V,P
61,3,-0.16774,0,89,34,0,0,0,0,V,T
37,8,-0.16813,0,33,66,0,0,0,0,I,L
61,33,-0.16823,0,89,49,0,0,0,0,V,P
49,32,-0.16863,0,47,43,0,0,0,0,L,L
37,24,-0.16882,0,33,36,0,0,0,0,I,K
52,28,-0.16915,0,68,18,0,0,0,0,D,Q
64,3,-0.16917,0,80,34,0,0,0,0,G,T
54,30,-0.17065,0,16,22,0,0,0,0,L,I
34,2,-0.1707,0,26,81,0,0,0,0,V,K
54,19,-0.17079,0,16,24,0,0,0,0,L,V
34,23,-0.17087,0,26,45,0,0,0,0,V,D
46,34,-0.17099,0,95,26,0,0,0,0,R,V
49,12,-0.17163,0,47,24,0,0,0,0,L,S
58,35,-0.17165,0,34,78,0,0,0,0,A,G
37,27,-0.17176,0,33,46,0,0,0,0,I,A
60,39,-0.17185,0,32,61,0,0,0,0,V,T
39,7,-0.1719,0,61,89,0,0,0,0,T,E
47,12,-0.17196,0,95,24,0,0,0,0,V,S
42,31,-0.17216,0,45,51,0,0,0,0,Y,V
49,3,-0.17286,0,47,34,0,0,0,0,L,T
44,6,-0.17352,0,32,91,0,0,0,0,I,P
55,9,-0.17441,0,36,70,0,0,0,0,D,V
45,5,-0.17458,0,33,93,0,0,0,0,D,W
42,28,-0.17468,0,45,18,0,0,0,0,Y,Q
12,6,-0.17518,0,24,91,0,0,0,0,S,P
63,19,-0.17549,0,42,24,0,0,0,0,V,V
62,47,-0.17724,0,20,95,0,0,0,0,R,V
62,51,-0.17856,0,20,63,0,0,0,0,R,V
58,27,-0.17873,0,34,46,0,0,0,0,A,A
57,19,-0.17918,0,81,24,0,0,0,0,I,V
46,11,-0.17932,0,95,21,0,0,0,0,R,K
62,35,-0.17981,0,20,78,0,0,0,0,R,G
64,30,-0.18086,0,80,22,0,0,0,0,G,I
63,23,-0.18098,0,42,45,0,0,0,0,V,D
34,5,-0.18108,0,26,93,0,0,0,0,V,W
60,13,-0.18148,0,32,26,0,0,0,0,V,V
58,18,-0.18205,0,34,21,0,0,0,0,A,K
36,5,-0.18223,0,36,93,0,0,0,0,T,W
50,28,-0.18242,0,50,18,0,0,0,0,F,Q
41,18,-0.18254,0,64,21,0,0,0,0,E,K
43,9,-0.18327,0,48,70,0,0,0,0,R,V
62,23,-0.18327,0,20,45,0,0,0,0,R,D
52,21,-0.18426,0,68,28,0,0,0,0,D,L
48,11,-0.18444,0,64,21,0,0,0,0,R,K
18,6,-0.18584,0,21,91,0,0,0,0,K,P
47,18,-0.18757,0,95,21,0,0,0,0,V,K
61,21,-0.18765,0,89,28,0,0,0,0,V,L
53,2,-0.18973,0,16,81,0,0,0,0,K,K
43,6,-0.19004,0,48,91,0,0,0,0,R,P
59,8,-0.19019,0,25,66,0,0,0,0,Q,L
59,22,-0.19029,0,25,27,0,0,0,0,Q,Q
60,23,-0.19052,0,32,45,0,0,0,0,V,D
35,26,-0.19101,0,78,40,999,0,0,0,G,E
50,22,-0.19132,0,50,27,0,0,0,0,F,Q
61,11,-0.19173,0,89,21,0,0,0,0,V,K
47,34,-0.19287,0,95,26,0,0,0,0,V,V
61,28,-0.19471,0,89,18,0,0,0,0,V,Q
64,18,-0.19664,0,80,21,0,0,0,0,G,K
40,20,-0.19798,0,20,93,0,0,0,0,M,I
41,27,-0.19865,0,64,46,0,0,0,0,E,A
40,23,-0.19886,0,20,45,0,0,0,0,M,D
45,31,-0.20231,0,33,51,0,0,0,0,D,V
63,54,-0.20297,0,42,16,0,0,0,0,V,L
41,25,-0.20339,0,64,70,0,0,0,0,E,P
54,6,-0.204,0,16,91,0,0,0,0,L,P
64,13,-0.20525,0,80,26,0,0,0,0,G,V
61,14,-0.20628,0,89,36,0,0,0,0,V,E
31,2,-0.20705,0,51,81,0,0,0,0,V,K
57,30,-0.20776,0,81,22,0,0,0,0,I,I
48,3,-0.20792,0,64,34,0,0,0,0,R,T
52,33,-0.21184,0,68,49,0,0,0,0,D,P
61,15,-0.21296,0,89,35,0,0,0,0,V,E
16,3,-0.21308,0,93,34,0,0,0,0,A,T
60,54,-0.21351,0,32,16,999,0,0,0,V,L
33,2,-0.21707,0,49,81,0,0,0,0,P,K
53,7,-0.21775,0,16,89,0,0,0,0,K,E
33,6,-0.21833,0,49,91,0,0,0,0,P,P
49,40,-0.2184,0,47,20,0,0,0,0,L,M
30,8,-0.22653,0,22,66,0,0,0,0,I,L
53,8,-0.22726,0,16,66,0,0,0,0,K,L
58,29,-0.22822,0,34,34,0,0,0,0,A,I
53,5,-0.2313,0,16,93,0,0,0,0,K,W
43,21,-0.23556,0,48,28,0,0,0,0,R,L
64,34,-0.23811,0,80,26,0,0,0,0,G,V
64,54,-0.24252,0,80,16,0,0,0,0,G,L
39,24,-0.24943,0,61,36,0,0,0,0,T,K
51,26,-0.25654,0,63,40,0,0,0,0,V,E
57,12,-0.28177,0,81,24,0,0,0,0,I,S
36,27,-0.28265,0,36,46,0,0,0,0,T,A
