{"templates":["97751ff1d3e4b758ae040c8e0f8b59b70f2de029"],"oligo":{"state":"MONOMER","based_on":"monomer","predicted_qs":null},"residue_range":[{"chain_name":"A","residue_from":"11","residue_to":"147"}],"lddt_ca":null,"gdt_ha":null,"pred_lddt":0.5419999957,"gdt_ts":null,"lddt":null,"ligands":[{"description":"S-ADENOSYLMETHIONINE","number":"1","reason":{"sterically_valid":false,"conserved_residues":false,"relevant":true,"bound":true},"included":false,"model_binding_residues":[],"name":["SAM"]}],"mod_engine":"PROMOD"}