{"templates":["d719055bd0e90751091e1c4030838181fbc9d71c"],"oligo":{"state":"MONOMER","based_on":"monomer","predicted_qs":null},"residue_range":[{"chain_name":"A","residue_from":"10","residue_to":"157"}],"lddt_ca":null,"gdt_ha":null,"pred_lddt":0.5189999938,"gdt_ts":null,"lddt":null,"ligands":[{"description":"1,2-ETHANEDIOL","number":"1","reason":{"sterically_valid":false,"conserved_residues":false,"relevant":false,"bound":true},"included":false,"model_binding_residues":[],"name":["EDO"]},{"description":"GLYCEROL","number":"2","reason":{"sterically_valid":false,"conserved_residues":false,"relevant":false,"bound":true},"included":false,"model_binding_residues":[],"name":["GOL"]}],"mod_engine":"PROMOD"}