{"templates":["6778f1287a721bb671158ea45b7a2557a302db22"],"oligo":{"state":"MONOMER","based_on":"monomer","predicted_qs":null},"residue_range":[{"chain_name":"A","residue_from":"10","residue_to":"156"}],"lddt_ca":null,"gdt_ha":null,"pred_lddt":0.523999989,"gdt_ts":null,"lddt":null,"ligands":[{"description":"S-ADENOSYL-L-HOMOCYSTEINE","number":"1","reason":{"sterically_valid":false,"conserved_residues":true,"relevant":true,"bound":true},"included":false,"model_binding_residues":[],"name":["SAH"]}],"mod_engine":"PROMOD"}